Top 100,Name,Pos,Org,Org Rk,Age
1,Francisco Alvarez,C,NYM,1,20.7138888
2,Gabriel Moreno,C,TOR,1,22.4777777
3,Corbin Carroll,CF,ARI,1,21.9583333
4,Eury Perez,SP,MIA,1,19.3083333
5,Gunnar Henderson,3B,BAL,1,21.1027777
6,Jordan Walker,3B,STL,1,20.2055555
7,Daniel Espino,SP,CLE,1,21.5861111
8,Grayson Rodriguez,SP,BAL,2,22.7222222
9,Shane Baz,SP,TBR,1,23.1361111
10,Noelvi Marte,SS,CIN,1,20.8055555
11,CJ Abrams,2B,WSN,1,21.8416666
12,Josh Jung,3B,TEX,1,24.4833333
13,Druw Jones,CF,ARI,2,18.6888888
14,Triston Casas,1B,BOS,1,22.5583333
15,Marco Luciano,SS,SFG,1,20.825
16,Jackson Holliday,SS,BAL,3,18.6722222
17,Marcelo Mayer,SS,BOS,2,19.65
18,Mick Abel,SP,PHI,1,20.9666666
19,Henry Davis,C,PIT,1,22.875
20,Cade Cavalli,SP,WSN,2,23.9777777
21,Jack Leiter,SP,TEX,2,22.2916666
22,DL Hall,SP,BAL,4,23.8805555
23,Brooks Lee,SS,MIN,1,21.4777777
24,Termarr Johnson,2B,PIT,2,18.1527777
25,Anthony Volpe,2B,NYY,1,21.2722222
26,Brett Baty,3B,NYM,2,22.7305555
27,Luis Campusano,C,SDP,1,23.8527777
28,Brennen Davis,RF,CHC,1,22.7611111
29,Pete Crow-Armstrong,CF,CHC,2,20.3638888
30,Kyle Harrison,SP,SFG,2,20.9833333
31,Diego Cartaya,C,LAD,1,20.9138888
32,Luis Matos,CF,SFG,3,20.5222222
33,Oswald Peraza,SS,NYY,2,22.1416666
34,Colton Cowser,CF,BAL,5,22.3777777
35,Ken Waldichuk,SP,OAK,1,24.5777777
36,Ezequiel Tovar,SS,COL,1,21.0138888
37,Brayan Rocchio,SS,CLE,2,21.5638888
38,Brayan Bello,SP,BOS,3,23.2194444
39,Nick Pratto,1B,KCR,1,23.8333333
40,Curtis Mead,LF,TBR,2,21.7777777
41,Robert Hassell III,RF,WSN,3,20.975
42,Nick Lodolo,SP,CIN,2,24.5027777
43,Cole Winn,SP,TEX,3,22.6972222
44,Bobby Miller,SP,LAD,2,23.3361111
45,Jordan Lawlar,SS,ARI,3,20.0527777
46,Elly De La Cruz,SS,CIN,3,20.5694444
47,Jackson Chourio,CF,MIL,1,18.4027777
48,Ivan Herrera,C,STL,2,22.1805555
49,Bo Naylor,C,CLE,3,22.4583333
50,Logan O'Hoppe,C,LAA,1,22.4916666
51,Drew Romo,C,COL,2,20.9361111
52,Tyler Soderstrom,1B,OAK,2,20.7
53,Shea Langeliers,C,OAK,3,24.7166666
54,Matt Brash,SP,SEA,1,24.2333333
55,Jackson Jobe,SP,DET,1,20.0166666
56,Nick Yorke,2B,BOS,4,20.3444444
57,Zach Neto,2B,LAA,2,21.5166666
58,Luis Medina,MIRP,OAK,4,23.2583333
59,Royce Lewis,SS,MIN,2,23.1694444
60,Ronny Mauricio,SS,NYM,3,21.3388888
61,Matthew Liberatore,SP,STL,3,22.75
62,Ezequiel Duran,3B,TEX,4,23.2055555
63,Coby Mayo,RF,BAL,6,20.6555555
64,Zac Veen,RF,COL,3,20.65
65,Alex Ramirez,CF,NYM,4,19.5638888
66,James Wood,CF,WSN,4,19.8861111
67,Jasson Dominguez,CF,NYY,3,19.4972222
68,Greg Jones,CF,TBR,3,24.4138888
69,Joey Wiemer,RF,MIL,2,23.4861111
70,Michael Busch,2B,LAD,3,24.7416666
71,Drey Jameson,SP,ARI,4,24.9694444
72,Cole Henry,SP,WSN,5,23.0583333
73,Owen White,SP,TEX,5,22.9916666
74,Andy Pages,CF,LAD,4,21.6611111
75,Kevin Alcantara,CF,CHC,3,20.0666666
76,Josh Winder,SP,MIN,3,25.8194444
78,Josh H. Smith,SS,TEX,6,24.9972222
79,Vinnie Pasquantino,1B,KCR,2,24.8222222
80,Cristian Hernandez,SS,CHC,4,18.6472222
80,Colson Montgomery,3B,CHW,1,20.4416666
81,Jose Salas,SS,MIA,2,19.2777777
82,Kevin Parada,LF,NYM,5,21.0083333
83,Liover Peguero,SS,PIT,3,21.6
84,Dylan Lesko,SP,SDP,2,18.9138888
85,Brandon Pfaadt,SP,ARI,5,23.8083333
86,Hunter Brown,SIRP,HOU,1,23.9361111
87,Orelvis Martinez,3B,TOR,2,20.7138888
88,Brady House,3B,WSN,6,19.1722222
89,Nolan Jones,RF,CLE,4,24.2472222
90,Masyn Winn,SS,STL,4,20.375
91,Austin Martin,CF,MIN,4,23.3694444
92,Logan Allen,SP,CLE,5,23.9194444
93,Quinn Priester,SP,PIT,4,21.8916666
94,George Valera,RF,CLE,6,21.7305555
95,Gordon Graceffo,SP,STL,5,22.3861111
96,Brandon Williamson,SP,CIN,4,24.3444444
97,Owen Caissie,LF,CHC,5,20.0777777
98,Nick Gonzales,2B,PIT,5,23.1916666
99,James Triantos,2B,CHC,6,19.5194444
100,Edward Cabrera,SP,MIA,3,24.3138888
101,Jacob Berry,DH,MIA,4,21.2527777
102,Dillon Dingler,C,DET,2,23.8861111
103,Tyler Freeman,2B,CLE,7,23.2083333
104,Xavier Edwards,2B,TBR,4,22.9916666
105,Heriberto Hernandez,LF,TBR,5,22.6388888
,Johan Rojas,CF,PHI,3,21.9777777
,Justin Crawford,CF,PHI,4,18.5638888
,Carlos Colmenarez,SS,TBR,7,18.725
,Yiddi Cappe,SS,MIA,7,19.9694444
,Ian Lewis,2B,MIA,8,19.5055555
,Peyton Graham,SS,DET,3,21.5277777
,Endy Rodriguez,C,PIT,6,22.25
,Matt Fraizer,CF,PIT,7,24.5666666
,Sal Frelick,CF,MIL,3,22.2972222
,Garrett Mitchell,CF,MIL,4,23.9222222
,Evan Carter,CF,TEX,7,19.9361111
,Bryan Ramos,3B,CHW,2,20.4
,Harry Ford,C,SEA,2,19.4583333
,Allan Cerda,RF,CIN,5,22.7
,Cam Collier,3B,CIN,6,17.7111111
,Cristhian Vaquero,CF,WSN,7,17.8972222
,Elijah Green,CF,WSN,8,18.6722222
,Everson Pereira,CF,NYY,5,21.3222222
,Roderick Arias,SS,NYY,6,17.9083333
,Antonio Gomez,C,NYY,7,20.7305555
,Bryan Lavastida,C,CLE,9,23.6916666
,Zack Gelof,3B,OAK,5,22.7972222
,Jose Ramos,RF,LAD,7,21.5972222
,Mikey Romero,2B,BOS,10,18.5666666
,Ronaldo Hernandez,C,BOS,11,24.7361111
,Gilberto Jimenez,CF,BOS,13,22.0777777
,Adael Amador,SS,COL,5,19.3194444
,Warming Bernabel,3B,COL,6,20.1666666
,Benny Montgomery,CF,COL,7,19.9083333
,Ethan Wilson,LF,PHI,5,22.7472222
,Kameron Misner,CF,TBR,8,24.5777777
,Willy Vasquez,CF,TBR,10,20.9166666
,Luis Garcia,SS,PHI,7,21.7916666
,Carson Williams,SS,TBR,11,19.1138888
,Jonathan Aranda,2B,TBR,15,24.2027777
,Peyton Burdick,CF,MIA,9,25.4444444
,Jordan Groshans,3B,MIA,11,22.7388888
,Cody Morissette,2B,MIA,12,22.5555555
,Cristian Santana,SS,DET,4,18.6972222
,Colt Keith,3B,DET,6,20.9777777
,Jace Jung,2B,DET,7,21.8388888
,Ji-hwan Bae,2B,PIT,10,23.0277777
,Travis Swaggerty,CF,PIT,12,24.9638888
,Nelson Velazquez,RF,CHC,11,23.6111111
,Brice Turang,SS,MIL,5,22.7083333
,Miguel Amaya,C,CHC,12,23.4083333
,Jeferson Quero,C,MIL,7,19.8277777
,Alexander Canario,RF,CHC,14,22.2472222
,Felix Valerio,2B,MIL,8,21.6111111
,Ed Howard,SS,CHC,15,20.5222222
,Tyler Black,2B,MIL,9,22.0277777
,Eric Brown Jr.,2B,MIL,11,21.6305555
,Robert Moore,2B,MIL,12,20.35
,Justin Foscue,2B,TEX,9,23.4277777
,Dustin Harris,1B,TEX,10,23.0777777
,Yeison Morrobel,CF,TEX,11,18.6611111
,Colin Barber,CF,HOU,2,21.6722222
,Yainer Diaz,C,HOU,3,23.875
,Korey Lee,C,HOU,4,24.0305555
,Drew Gilbert,CF,HOU,5,21.8583333
,Pedro Leon,CF,HOU,6,24.1888888
,Noah Miller,SS,MIN,7,19.7333333
,Matt Wallner,DH,MIN,10,24.65
,Jackson Merrill,SS,SDP,3,19.2972222
,Lenyn Sosa,2B,CHW,3,22.5305555
,Jose Rodriguez,SS,CHW,4,21.2305555
,Deyvison De Los Santos,3B,ARI,8,19.125
,Oscar Colas,RF,CHW,5,23.8861111
,Romy Gonzalez,SS,CHW,6,25.9166666
,Kristian Robinson,RF,ARI,12,21.6527777
,Leo Jimenez,SS,TOR,5,21.2194444
,Josh Kasevich,3B,TOR,6,21.5527777
,Nick Loftin,CF,KCR,4,23.8638888
,Gavin Cross,CF,KCR,5,21.4805555
,Cole Young,SS,SEA,3,19.0361111
,Jett Williams,CF,NYM,7,18.7583333
,Tyler Locklear,1B,SEA,6,21.7
,Mark Vientos,1B,NYM,8,22.6527777
,Matt McLain,SS,CIN,7,23
,Daniel Vellojin,C,CIN,8,22.3916666
,Spencer Steer,2B,CIN,9,24.6638888
,Tyler Callihan,2B,CIN,10,22.1222222
,Vaughn Grissom,SS,ATL,1,21.5861111
,Jeremy De La Rosa,CF,WSN,9,20.5555555
,Aeverson Arteaga,SS,SFG,4,19.3888888
,Heliot Ramos,RF,SFG,8,22.9138888
,Arol Vera,SS,LAA,5,19.9
,Jairo Pomares,RF,SFG,9,22.0055555
,Austin Wells,RF,NYY,9,23.0666666
,Oswaldo Cabrera,2B,NYY,10,23.4305555
,Trey Sweeney,3B,NYY,11,22.2833333
,Spencer Jones,RF,NYY,12,21.2277777
,Alexander Vargas,SS,NYY,14,20.7694444
,Kyle Stowers,RF,BAL,7,24.5944444
,Jordan Westburg,2B,BAL,8,23.4666666
,Jud Fabian,CF,BAL,9,21.8583333
,Heston Kjerstad,RF,BAL,10,23.4833333
,Dylan Beavers,RF,BAL,11,20.9861111
,Terrin Vavra,2B,BAL,12,25.2333333
,Angel Martinez,SS,CLE,10,20.5388888
,Chase DeLauter,RF,CLE,11,20.8277777
,Jose Tena,SS,CLE,14,21.3777777
,Nick Allen,SS,OAK,7,23.8277777
,Gabriel Arias,SS,CLE,16,22.4416666
,Daniel Susac,C,OAK,8,21.2277777
,Petey Halpin,CF,CLE,17,20.1944444
,Dayan Frias,SS,CLE,18,20.1138888
,Brayan Buelvas,CF,OAK,11,20.1611111
,Jorbit Vivas,2B,LAD,8,21.4083333
,Miguel Vargas,3B,LAD,9,22.7194444
,Rayne Doncon,2B,LAD,11,18.8722222
,Dalton Rushing,C,LAD,15,21.4583333
,Jacob Amaya,SS,LAD,16,23.925
,Ceddanne Rafaela,CF,BOS,6,21.8833333
,Miguel Bleis,RF,BOS,7,18.4305555
,Blaze Jordan,1B,BOS,14,19.6305555
,Tyler McDonough,CF,BOS,16,23.3444444
,Eddinson Paulino,3B,BOS,18,20.0944444
,David Hamilton,SS,BOS,19,24.8527777
,Yanquiel Fernandez,LF,COL,9,19.5972222
,Dyan Jorge,CF,COL,11,19.3833333
,Sterling Thompson,RF,COL,12,21.1111111
,Hao Yu Lee,2B,PHI,10,19.5083333
,Juan Brito,2B,COL,15,20.8666666
,Cooper Kinney,3B,TBR,16,19.525
,Brian Serven,C,COL,16,27.2527777
,Rene Pinto,C,TBR,17,25.7611111
,Junior Caminero,3B,TBR,18,19.0861111
,Blake Hunt,C,TBR,19,23.7388888
,Osleivis Basabe,2B,TBR,21,21.8972222
,Nick Fortes,C,MIA,13,25.7361111
,Joe Mack,C,MIA,14,19.6083333
,Nasim Nunez,SS,MIA,15,21.9666666
,Kahlil Watson,SS,MIA,17,19.3055555
,Ryan Kreidler,SS,DET,10,24.7333333
,Gage Workman,SS,DET,11,22.7833333
,Dariel Lopez,3B,PIT,16,20.4972222
,Maikol Escotto,2B,PIT,18,20.1722222
,Rodolfo Nolasco,RF,PIT,19,20.8694444
,Lonnie White Jr.,CF,PIT,22,19.6
,Reginald Preciado,3B,CHC,17,19.2222222
,Freddy Zamora,SS,MIL,13,23.7638888
,Eduardo Garcia,SS,MIL,15,20.0722222
,Christian Franklin,CF,CHC,24,22.6833333
,Aaron Zavala,RF,TEX,14,22.1166666
,Maximo Acosta,SS,TEX,16,19.7694444
,Ryan Clifford,LF,HOU,7,19.0444444
,David Hensley,3B,HOU,9,26.3555555
,Joe Perez,3B,HOU,10,22.9833333
,Samuel Zavala,RF,SDP,4,18.0583333
,Emmanuel Rodriguez,CF,MIN,14,19.4333333
,Misael Urbina,LF,MIN,15,20.275
,Wes Kath,3B,CHW,9,20.0083333
,A.J. Vukovich,1B,ARI,13,21.0444444
,Gabriel Martinez,RF,TOR,7,21.0333333
,Manuel Pena,3B,ARI,15,18.6694444
,Cade Doughty,3B,TOR,9,21.3611111
,Tucker Toman,2B,TOR,10,18.7333333
,Rikelbin De Castro,SS,TOR,11,19.5361111
,Maikel Garcia,SS,KCR,8,22.425
,Cayden Wallace,3B,KCR,11,20.9972222
,Drew Waters,CF,KCR,12,23.6
,Lazaro Montes,RF,SEA,7,17.7888888
,Edwin Arroyo,SS,CIN,12,18.9472222
,Austin Hendrick,RF,CIN,13,21.1416666
,Cade Hunter,C,CIN,15,21.6861111
,Jay Allen II,CF,CIN,16,19.7055555
,Rece Hinds,RF,CIN,17,21.9194444
,Yerlin Confidan,RF,CIN,20,19.6388888
,Diego Benitez,3B,ATL,7,17.7138888
,Matheu Nelson,C,CIN,21,23.5611111
,Geraldo Quintero,SS,ATL,9,20.8222222
,Edgar Quero,C,LAA,7,19.3333333
,Denzer Guzman,SS,LAA,8,18.4944444
,Adrian Placencia,2B,LAA,10,19.1777777
,Ford Proctor,C,SFG,14,25.6722222
,Jeremiah Jackson,SS,LAA,11,22.3611111
,Patrick Bailey,C,SFG,15,23.1861111
,Jordyn Adams,CF,LAA,12,22.8
,Casey Schmitt,3B,SFG,16,23.4305555
,Werner Blakely,3B,LAA,13,20.4583333
,Luis Toribio,3B,SFG,17,21.8555555
,Leandro Arias,SS,BAL,13,17.5027777
,Connor Norby,2B,BAL,14,22.1611111
,Cesar Prieto,2B,BAL,15,23.2388888
,Reed Trimble,CF,BAL,18,22.1666666
,Jhonkensy Noel,1B,CLE,20,21.0583333
,Max Muncy,SS,OAK,12,19.9472222
,Angel Genao,SS,CLE,23,18.2138888
,Jonah Bride,C,OAK,15,26.6083333
,Isaiah Greene,CF,CLE,24,20.9361111
,Jordan Diaz,3B,OAK,16,21.9805555
,Lawrence Butler,1B,OAK,17,22.0722222
,Alec Burleson,RF,STL,9,23.6972222
,Jonathan Mejia,SS,STL,11,17.3166666
,Wilman Diaz,SS,LAD,21,18.725
,Eddys Leonard,3B,LAD,31,21.7388888
,Jonny DeLuca,RF,LAD,33,24.0722222
,Ryan Noda,1B,LAD,35,26.35
,Brainer Bonaci,2B,BOS,21,20.075
,Connor Wong,C,BOS,24,26.2138888
,"William, Jr. Bergolla",SS,PHI,12,17.8222222
,Enmanuel Valdez,2B,BOS,26,23.6055555
,Niko Kavadas,DH,BOS,27,23.775
,Elehuris Montero,3B,COL,17,23.9694444
,Jordan Viars,CF,PHI,14,19.05
,Corey Rosier,CF,BOS,28,22.9138888
,Jordan Beck,RF,COL,18,21.2972222
,Juan Chacon,CF,BOS,29,19.6722222
,Donny Sands,C,PHI,16,26.2222222
,Matthew Lugo,SS,BOS,30,21.2416666
,Casey Martin,SS,PHI,17,23.3305555
,Simon Muzziotti,CF,PHI,18,23.6083333
,Jhailyn Ortiz,RF,PHI,19,23.7166666
,Yemal Flores,CF,PHI,20,18.7055555
,Alika Williams,SS,TBR,24,23.4
,Luis Mendez,SS,COL,25,19.7666666
,Tanner Murray,2B,TBR,26,22.925
,Brenton Doyle,CF,COL,26,24.2277777
,Kyle Manzardo,1B,TBR,27,22.05
,Colton Welker,3B,COL,28,24.825
,Austin Shenton,3B,TBR,30,24.5388888
,Hunter Goodman,C,COL,30,22.8277777
,Diego Infante,RF,TBR,34,22.7888888
,Miles Mastrobuoni,SS,TBR,36,26.7666666
,Chandler Simpson,2B,TBR,37,21.7166666
,Kamren James,3B,TBR,38,22.1972222
,JJ Bleday,RF,MIA,19,24.7388888
,Ronald Hernandez,C,MIA,20,18.7861111
,Payton Henry,C,MIA,21,25.1166666
,Angeudis Santos,SS,MIA,22,20.8805555
,Griffin Conine,RF,MIA,23,25.0694444
,Trei Cruz,2B,DET,13,24.0861111
,Izaac Pacheco,3B,DET,14,19.7166666
,Roberto Campos,RF,DET,16,19.1444444
,Luke Gold,2B,DET,17,21.8222222
,Kody Clemens,2B,DET,20,26.225
,Manuel Sequera,2B,DET,21,19.8555555
,Wenceel Perez,SS,DET,22,22.7666666
,Yordany De Los Santos,3B,PIT,25,17.4694444
,Ali Sanchez,C,DET,24,25.5444444
,Jared Triolo,3B,PIT,27,24.4944444
,Parker Meadows,CF,DET,26,22.7611111
,Daniel Cabrera,LF,DET,27,23.9194444
,"Tony Blanco, Jr.",RF,PIT,29,17.2277777
,Esteury Ruiz,CF,MIL,17,23.475
,Canaan Smith-Njigba,LF,PIT,32,23.2666666
,Abrahan Gutierrez,C,PIT,33,22.7666666
,Jared Oliva,CF,PIT,34,26.6916666
,Yohendrick Pinango,LF,CHC,26,20.2472222
,Carlos Rodriguez,LF,MIL,20,21.6638888
,Bryce Ball,1B,CHC,27,24.0777777
,Hendry Mendez,CF,MIL,21,18.7472222
,Cal Mitchell,RF,PIT,36,23.4111111
,Chase Strumpf,3B,CHC,28,24.4111111
,Joe Gray Jr.,RF,MIL,22,22.4
,Mason Martin,1B,PIT,37,23.1777777
,Kevin Made,SS,CHC,29,19.9055555
,Hedbert Perez,LF,MIL,23,19.3388888
,Malcom Nunez,DH,PIT,38,21.4083333
,Sergio Campana,CF,PIT,39,20.3527777
,Jonathan Ornelas,SS,TEX,19,22.1944444
,Luisangel Acuna,2B,TEX,20,20.4
,Hudson Head,CF,PIT,41,21.3277777
,Alexis Hernandez,SS,CHC,33,17.6083333
,Sammy Siani,LF,PIT,42,21.6444444
,Nazier Mule,SIRP,CHC,34,17.8083333
,Connor Scott,RF,PIT,43,22.8277777
,Christopher Paciolla,3B,CHC,35,18.3888888
,Danyer Cueva,SS,TEX,25,18.1916666
,Shalin Polanco,CF,PIT,46,18.5
,Carter Bins,C,PIT,47,24.2361111
,Logan Cerny,CF,HOU,13,22.8555555
,Jacob Melton,CF,HOU,14,21.9138888
,Edouard Julien,LF,MIN,17,23.2666666
,Danny De Andrade,SS,MIN,18,18.3222222
,Eguy Rosario,3B,SDP,10,22.9472222
,Brandon Valenzuela,C,SDP,11,21.8444444
,Alerick Soularie,2B,MIN,20,23.0861111
,Tanner Schobel,SS,MIN,21,21.1722222
,Seth Beer,DH,ARI,16,25.8833333
,Aaron Sabato,1B,MIN,22,23.1722222
,Ivan Melendez,1B,ARI,17,22.5333333
,Kala'i Rosario,LF,MIN,23,20.0944444
,Joshua Mears,LF,SDP,16,21.4722222
,Abdidas De La Cruz,SS,ARI,19,17.7583333
,Korry Howell,CF,SDP,18,23.9305555
,Yoelqui Cespedes,CF,CHW,17,24.8666666
,Yasser Mercedes,RF,MIN,26,17.7222222
,Otto Lopez,2B,TOR,15,23.8472222
,Harvin Mendoza,1B,CHW,19,23.4666666
,Dominic Canzone,RF,ARI,23,24.9722222
,Jordan Sprinkle,2B,CHW,20,21.4166666
,Cooper Hummel,RF,ARI,24,27.6888888
,Yolbert Sanchez,SS,CHW,21,25.425
,Estiven Machado,2B,TOR,18,19.8388888
,Jose Fernandez,SS,ARI,25,18.8722222
,Jorge Barrosa,CF,ARI,26,21.4694444
,Miguel Hiraldo,3B,TOR,20,21.9194444
,Juan Corniel,SS,ARI,28,19.8444444
,Buddy Kennedy,3B,ARI,29,23.8361111
,Tyler Gentry,RF,KCR,16,23.5138888
,Neyfy Castillo,1B,ARI,30,21.4277777
,Samad Taylor,2B,KCR,18,24.0694444
,Michael Massey,2B,KCR,19,24.3722222
,Carter Jensen,C,KCR,27,19.0916666
,Darryl Collins,LF,KCR,30,20.7222222
,Hayden Dunhurst,C,KCR,31,21.8805555
,Daniel Vasquez,SS,KCR,32,18.3333333
,Alberto Rodriguez,RF,SEA,11,21.8333333
,Brewer Hicklen,LF,KCR,34,26.4916666
,Gabriel Gonzalez,RF,SEA,13,18.5888888
,Henry Ramos,RF,KCR,35,17.8777777
,Willy Fanas,CF,NYM,17,18.5361111
,Jonatan Clase,CF,SEA,15,20.2027777
,Khalil Lee,RF,NYM,18,24.1111111
,Victor Acosta,SS,CIN,23,18.1555555
,Sal Stewart,3B,CIN,24,18.6638888
,Armando Cruz,SS,WSN,14,18.5555555
,Ricardo Cabrera,2B,CIN,25,17.7666666
,Ambioris Tavarez,3B,ATL,12,18.7333333
,Drew Millas,C,WSN,17,24.5583333
,T.J. White,CF,WSN,18,19.0361111
,Brandol Mezquita,OF,ATL,15,21.0611111
,Jose Torres,SS,CIN,30,22.8555555
,Jose Torres,SS,CIN,30,22.8555555
,Daylen Lile,LF,WSN,20,19.6833333
,Luke Waddell,2B,ATL,17,24.0638888
,Mike Siani,CF,CIN,31,23.0555555
,Braden Shewmake,SS,ATL,18,24.7138888
,Logan Tanner,C,CIN,32,21.7388888
,Sammy Infante,3B,WSN,22,21.1222222
,Christian Encarnacion-Strand,3B,CIN,33,22.6805555
,Jake Alu,3B,WSN,23,25.3333333
,Jesse Franklin V,CF,ATL,22,23.6805555
,Ivan Johnson,2B,CIN,36,23.8194444
,Cal Conley,DH,ATL,23,23.0527777
,Jackson Miller,C,CIN,37,20.5916666
,Israel Pineda,C,WSN,28,22.3416666
,TJ Friedl,CF,CIN,40,26.9777777
,Stuart Fairchild,CF,CIN,41,26.3861111
,Kyren Paris,2B,LAA,14,20.7361111
,Jadiel Sanchez,RF,LAA,17,21.2388888
,Will Wilson,2B,SFG,21,24.0416666
,Marcos Cabrera,3B,NYY,21,20.8222222
,Mickey Moniak,CF,LAA,20,24.2305555
,Anthony Garcia,RF,NYY,22,21.9194444
,Orlando Martinez,LF,LAA,21,24.4694444
,Ricardo Genoves,C,SFG,25,23.2277777
,Tristan Peters,RF,SFG,26,22.4333333
,Adrian Sugastey,C,SFG,31,19.7861111
,David Villar,3B,SFG,33,25.525
,Brett Auerbach,C,SFG,34,23.9416666
,Darell Hernaiz,SS,BAL,21,21.0083333
,Hudson Haskin,CF,BAL,22,23.6
,Max Wagner,3B,BAL,23,20.9638888
,Mishael Deson,LF,BAL,26,20.0805555
,Joseph Ortiz,SS,BAL,27,24.0611111
,Donta' Williams,CF,BAL,28,23.1
,Maikol Hernandez,SS,BAL,31,18.8388888
,Kevin Guerrero,RF,BAL,32,18.3027777
,Carter Young,SS,,33,21.4805555
,Jaison Chourio,RF,CLE,29,17.2138888
,Denzel Clarke,CF,OAK,21,22.2638888
,Euribiel Angeles,3B,OAK,23,20.2361111
,Robert Lopez,C,CLE,32,18.5944444
,Joe Lampe,CF,CLE,34,21.6694444
,Richie Palacios,DH,CLE,36,25.2222222
,Leonardo Bernal,C,STL,15,18.4805555
,Milan Tolentino,SS,CLE,39,20.7194444
,Cody Thomas,RF,OAK,31,27.8277777
,Lizandro Espinoza,SS,STL,17,19.7111111
,Joshua Baez,RF,STL,18,19.1055555
,Pedro Pineda,CF,OAK,33,18.9166666
,Luis Barrera,CF,OAK,34,26.725
,Michael Guldberg,CF,OAK,35,23.1222222
,Logan Davidson,SS,OAK,36,24.6388888
,James Outman,CF,LAD,25,25.2277777
,Thayron Liranzo,C,LAD,26,19.0861111
,Jesus Galiz,C,LAD,27,18.6583333
,Junior Perez,RF,OAK,44,21.0888888
,Carson Taylor,C,LAD,37,23.1777777
,Juan Alonso,CF,LAD,38,18.7583333
,Yeiner Fernandez,C,LAD,40,19.8805555
,Ryan Ward,LF,LAD,42,24.4527777
,Brandon Lewis,1B,LAD,43,23.7861111
,Nelson Quiroz,C,LAD,51,20.7527777
,Freili Encarnacion,3B,BOS,33,17.5277777
,Eduardo Lopez,CF,BOS,34,20.2444444
,Kendall Simmons,SS,PHI,22,22.3194444
,Jamari Baylor,2B,PHI,23,22.0027777
,Wilyer Abreu,LF,BOS,38,23.1166666
,Jeter Downs,2B,BOS,39,24.025
,Alex Binelas,3B,BOS,40,22.1944444
,Nikau Pouaka-Grego,2B,PHI,27,17.8972222
,Juan Guerrero,LF,COL,33,20.9055555
,Ronaiker Palma,C,COL,35,22.5944444
,Max Ferguson,2B,BOS,46,22.9527777
,Enderso Lira,C,BOS,48,18.8194444
,Michael Toglia,1B,COL,38,23.9722222
,Baron Radcliff,1B,PHI,37,23.4916666
,Ryan Spikes,2B,TBR,41,19.3972222
,Tyler Dearden,LF,BOS,53,24.0833333
,Marcus Lee Sang,RF,PHI,40,21.5944444
,Brett Wisely,2B,TBR,44,23.2444444
,Yhoswar Garcia,CF,PHI,41,20.8972222
,Naysbel Marcano,C,BOS,55,20.2027777
,Ryan Vilade,LF,COL,45,23.4666666
,Antony Peguero,RF,MIA,25,17.1444444
,Jordan McCants,SS,MIA,27,20.2083333
,Matt Dyer,C,TBR,48,24.0611111
,Cam Cannon,2B,BOS,58,24.8055555
,Osiris Johnson,CF,MIA,28,21.8
,Ronny Simon,3B,TBR,49,22.3027777
,Nick Decker,RF,BOS,59,22.8444444
,Bryan Gonzalez,RF,BOS,61,20.8833333
,Jerar Encarnacion,DH,MIA,31,24.7888888
,Javier Sanoja,SS,MIA,32,19.925
,Jhonny Piron,CF,TBR,55,18.1777777
,Alejandro Pie,3B,TBR,57,20.5166666
,Johan Lopez,2B,TBR,60,22.0222222
,Andre Lipcius,3B,DET,31,24.2055555
,Brendon Davis,SS,DET,32,25.0222222
,Jose De La Cruz,RF,DET,33,20.5916666
,Mario Feliciano,C,MIL,29,23.7111111
,Eduarqui Fernandez,RF,MIL,33,20.7111111
,Yosy Galan,RF,TEX,31,21.2805555
,Trevor Hauver,LF,TEX,32,23.7111111
,Will Wagner,2B,HOU,17,24.0194444
,J.C. Correa,C,HOU,18,23.8916666
,Yohel Pozo,C,TEX,34,25.1444444
,Jordan Nwogu,CF,CHC,46,23.4055555
,Zavier Warren,3B,MIL,41,23.5777777
,Ian Moller,C,TEX,36,19.7777777
,Yeison Santana,SS,CHC,48,21.6638888
,Luis Baez,RF,HOU,21,18.5694444
,Lolo Sanchez,CF,PIT,57,23.2861111
,Cristian Gonzalez,SS,HOU,22,20.7888888
,Tucupita Marcano,2B,PIT,58,22.8888888
,Luis Verdugo,SS,CHC,50,21.8166666
,J.J. Matijevic,1B,HOU,23,26.7277777
,Blake Sabol,C,PIT,60,24.5805555
,Cody Freeman,C,TEX,40,21.5861111
,Matt Mervis,1B,CHC,51,24.3055555
,Esteban Quiroz,2B,CHC,53,30.4694444
,Tsung-Che Cheng,SS,PIT,63,21.0833333
,Ismael Mena,CF,CHC,54,19.6833333
,Jackson Glenn,2B,PIT,64,24.7833333
,Davis Wendzel,SS,TEX,44,25.2027777
,Greg Deichmann,RF,CHC,55,27.1833333
,Yeferson Tineo,SS,TEX,47,18.8222222
,Dauri Lorenzo,SS,HOU,32,19.7694444
,Cameron Cauley,SS,TEX,48,19.5
,Jordan Brewer,CF,HOU,38,25.0138888
,Tyler Whitaker,RF,HOU,39,20.0111111
,Yendry Rojas,3B,SDP,19,17.525
,Brett Sullivan,C,SDP,20,28.4555555
,Will Holland,2B,MIN,29,24.3
,Yilber Herrera,SS,MIN,30,17.5583333
,Keoni Cavaco,3B,MIN,31,21.1777777
,Marcos Castanon,2B,SDP,29,23.3694444
,Charlis Aquino,SS,SDP,30,20.7166666
,Alvin Guzman,CF,ARI,32,20.7944444
,Alex De Jesus,3B,TOR,26,20.3722222
,Jose Herrera,C,ARI,33,25.45
,James Beard,CF,CHW,30,21.8666666
,Nerwilian Cedeno,SS,SDP,33,20.3888888
,Adrian Pinto,CF,TOR,27,19.8722222
,Luis Meza,C,TOR,29,17.8111111
,Ryan Bliss,2B,ARI,36,22.6472222
,Sebastian Espino,3B,TOR,30,22.1861111
,Adrian Del Castillo,C,ARI,37,22.8583333
,Zac Cook,CF,TOR,31,24.2694444
,Tanner Morris,LF,TOR,33,24.9138888
,Manuel Beltre,SS,TOR,35,18.1583333
,Jose Curpa,SS,ARI,43,22.4083333
,Blaze Alexander,SS,ARI,44,23.1527777
,Christian Cerda,C,ARI,45,19.6083333
,Chavez Young,CF,TOR,39,25.0777777
,Cam Eden,CF,TOR,40,24.35
,Nate Eaton,3B,KCR,40,25.6222222
,Spencer Packard,LF,SEA,19,24.8166666
,Cade Marlowe,CF,SEA,21,25.1166666
,Juan Olmos,C,KCR,43,17.7055555
,Nick Meyer,C,NYM,24,25.4666666
,Zach DeLoach,RF,SEA,23,23.9666666
,Charlie Welch,C,SEA,25,22.4944444
,Ivan Castillo,2B,KCR,47,27.1833333
,Robbie Glendinning,3B,KCR,48,26.8333333
,Omar Florentino,SS,KCR,49,20.7777777
,Kaden Polcovich,2B,SEA,28,23.4583333
,Luca Tresh,C,KCR,50,22.5694444
,Wyatt Young,2B,NYM,33,22.6694444
,Chase Estep,2B,NYM,34,22.3166666
,Douglas Glod,3B,ATL,24,17.5444444
,Carlos Jorge,2B,CIN,42,18.8722222
,Roismar Quintana,RF,WSN,34,19.5
,Justyn-Henry Malloy,3B,ATL,32,22.4638888
,Jared McKenzie,CF,WSN,36,21.2222222
,Tyler Collins,CF,ATL,33,19.4166666
,Braylin Minier,3B,CIN,47,19.1527777
,Lucius Fox,SS,WSN,37,25.0944444
,Mark Kolozsvary,C,CIN,51,26.9222222
,Alejo Lopez,2B,CIN,52,26.2527777
,Hector Rodriguez,2B,CIN,57,18.4027777
,Anthony Seigler,C,NYY,27,23.1277777
,Eric Yang,C,CIN,58,24.3611111
,Justice Thompson,CF,CIN,59,22.0777777
,Ryder Green,RF,NYY,31,22.2527777
,Alexander Ramirez,RF,LAA,30,19.9361111
,Natanael Santana,RF,LAA,31,21.025
,Madison Santos,CF,NYY,33,22.9166666
,Fidel Montero,RF,NYY,34,18.6305555
,Hunter Bishop,LF,SFG,37,24.1138888
,Brandon Lockridge,CF,NYY,36,25.3944444
,Grant McCray,CF,SFG,38,21.6638888
,Hayden Cantrelle,2B,SFG,40,23.6972222
,Josh Breaux,C,NYY,38,24.8305555
,Onil Perez,C,SFG,43,19.9055555
,Tyler Fitzgerald,SS,SFG,45,24.8916666
,David Calabrese,CF,LAA,46,19.8611111
,Jimmy Glowenke,2B,SFG,55,23.1694444
,Zach Watson,CF,BAL,40,25.1138888
,Cadyn Grenier,SS,BAL,41,25.7666666
,Anthony Servideo,SS,BAL,42,23.4027777
,John Rhodes,3B,BAL,43,21.975
,Aaron Bracho,2B,CLE,40,21.2833333
,Won-Bin Cho,LF,STL,24,18.9611111
,Jake Fox,SS,CLE,47,19.4833333
,Angel Arevalo,2B,OAK,39,18.8444444
,Alexfri Planez,RF,CLE,48,20.9694444
,Robert Puason,SS,OAK,40,19.9027777
,Junior Sanquintin,3B,CLE,49,20.5777777
,Moises Gomez,RF,STL,27,23.9416666
,David Fry,C,CLE,50,26.7111111
,Chandler Redmond,1B,STL,28,25.575
,Darren Baker,2B,WSN,38,23.4861111
,Andrew Painter,SP,PHI,2,19.3222222
,Taj Bradley,SP,TBR,6,21.3777777
,Jake Eder,SIRP,MIA,5,23.825
,Max Meyer,SP,MIA,6,23.4
,Cade Horton,SP,CHC,7,20.9611111
,Brock Porter,SP,TEX,8,19.175
,Jhoan Duran,SP,MIN,5,24.5777777
,Matt Canterino,MIRP,MIN,6,24.6444444
,Ryne Nelson,SP,ARI,6,24.5138888
,Blake Walston,SP,ARI,7,21.1055555
,Ricky Tiedemann,SP,TOR,3,19.9666666
,Alec Marsh,SP,KCR,3,24.2277777
,Matt Allan,SP,NYM,6,21.3027777
,Yoendrys Gomez,SP,NYY,4,22.8083333
,Gavin Williams,SP,CLE,8,23.0277777
,Ryan Pepiot,SP,LAD,5,24.9583333
,Maddux Bruns,SP,LAD,6,20.1277777
,Wikelman Gonzalez,SP,BOS,5,20.3638888
,Josh Winckowski,MIRP,BOS,8,24.1055555
,Connor Seabold,SP,BOS,9,26.5333333
,Brandon Walter,MIRP,BOS,12,25.9111111
,Jordy Vargas,SP,COL,4,18.75
,Gabriel Hughes,SP,COL,8,20.9555555
,Hans Crouse,MIRP,PHI,6,23.8916666
,Carson Williams,SS,TBR,11,19.1138888
,Cole Wilcox,SP,TBR,12,23.0611111
,Ian Seymour,MIRP,TBR,13,23.6472222
,Sandy Gaston,SIRP,TBR,14,20.6388888
,Dax Fulton,SP,MIA,10,20.8055555
,Reese Olson,SP,DET,5,23.0166666
,Jared Jones,SP,PIT,8,21
,Bubba Chandler,SP,PIT,9,19.8944444
,Ty Madden,SP,DET,8,22.4583333
,Joey Wentz,SP,DET,9,24.8333333
,Mike Burrows,SIRP,PIT,11,22.7444444
,Caleb Kilian,SP,CHC,8,25.1777777
,Jordan Wicks,SP,CHC,9,22.9305555
,DJ Herz,MIRP,CHC,10,21.5888888
,Ethan Small,SP,MIL,6,25.4777777
,Jackson Ferris,SIRP,CHC,13,18.5583333
,Jacob Misiorowski,SP,MIL,10,20.3416666
,Marc Church,SIRP,TEX,12,21.35
,Ronny Henriquez,SP,MIN,8,22.1277777
,Simeon Woods Richardson,SP,MIN,9,21.8583333
,Connor Prielipp,SIRP,MIN,11,21.5722222
,Slade Cecconi,SP,ARI,9,23.1166666
,Bryce Jarvis,SP,ARI,10,24.6111111
,Luis Frias,SIRP,ARI,11,24.2027777
,Brandon Barriera,SP,TOR,4,18.4222222
,Taylor Dollard,SP,SEA,4,23.4694444
,Emerson Hancock,SP,SEA,5,23.1833333
,Blade Tidwell,SP,NYM,9,21.1611111
,Eric Orze,SP,NYM,10,24.9583333
,Connor Phillips,MIRP,CIN,11,21.2555555
,Jared Shuster,SP,ATL,2,24.0083333
,Kyle Muller,SIRP,ATL,3,24.8305555
,Owen Murphy,SP,ATL,4,18.8583333
,JR Ritchie,SP,ATL,5,19.1111111
,Gregory Santos,SIRP,SFG,5,22.9388888
,Will Bednar,SP,SFG,6,22.1472222
,Chase Silseth,SP,LAA,3,22.2166666
,Carson Whisenhunt,SP,SFG,7,21.7944444
,Sam Bachman,SIRP,LAA,4,22.85
,Drew Thorpe,SP,NYY,8,20.8472222
,Clayton Beeter,SIRP,NYY,13,23.825
,Luis Gil,SIRP,NYY,15,24.175
,Xzavion Curry,SP,CLE,12,24.025
,Gunnar Hoglund,SP,OAK,6,22.6361111
,Parker Messick,SP,CLE,15,21.7777777
,Ryan Cusick,SIRP,OAK,9,22.7333333
,J.T. Ginn,SP,OAK,10,23.2111111
,Justin Campbell,SP,CLE,19,21.4777777
,Cooper Hjerpe,SP,STL,6,21.3888888
,Gavin Stone,MIRP,LAD,10,23.8083333
,Michael Grove,SP,LAD,12,25.6333333
,Landon Knack,SP,LAD,13,25.5583333
,Edgardo Henriquez,SP,LAD,14,20.1166666
,Andre Jackson,SP,LAD,17,26.2638888
,Bryan Mata,MIRP,BOS,15,23.2583333
,Thad Ward,MIRP,BOS,17,25.5555555
,Noah Song,SP,BOS,20,25.1888888
,Victor Juarez,SP,COL,10,19.1305555
,Griff McGarry,MIRP,PHI,8,23.1611111
,Erik Miller,MIRP,PHI,9,24.4805555
,Sam Weatherly,SIRP,COL,13,23.1888888
,Jaden Hill,MIRP,COL,14,22.6222222
,Francisco Morales,SIRP,PHI,11,22.775
,Colby White,SIRP,TBR,20,24.0888888
,Nick Bitsko,SP,TBR,22,20.1388888
,JJ Goss,SP,TBR,23,21.6138888
,Sixto Sanchez,SP,MIA,16,24.0194444
,Jacob Miller,SP,MIA,18,18.9888888
,Anthony Solometo,SP,PIT,13,19.6777777
,Wilmer Flores,SIRP,DET,12,21.4611111
,Kyle Nicolas,SIRP,PIT,14,23.4555555
,Luis Ortiz,SIRP,PIT,15,23.525
,Colin Holderman,SIRP,PIT,17,26.8277777
,J.C. Flowers,SIRP,PIT,20,24.2138888
,Ricky DeVito,SIRP,PIT,21,23.9583333
,Hayden Wesneski,SP,CHC,16,24.6694444
,Ben Leeper,SIRP,CHC,18,25.1416666
,Ryan Jensen,MIRP,CHC,19,24.7027777
,Brailyn Marquez,SIRP,CHC,20,23.5166666
,Abner Uribe,SIRP,MIL,14,22.1277777
,Zac Leigh,MIRP,CHC,21,24.7277777
,Daniel Palencia,SP,CHC,22,22.5027777
,Drew Gray,SP,CHC,23,19.2416666
,Kumar Rocker,SP,TEX,13,22.7055555
,A.J. Alexy,SIRP,TEX,15,24.2916666
,Dane Acker,SP,TEX,17,23.3472222
,Antoine Kelly,SIRP,TEX,18,22.6694444
,Jayden Murray,SP,HOU,8,25.3194444
,Marco Raya,SP,MIN,12,19.9972222
,Cole Sands,MIRP,MIN,13,25.0527777
,Steven Wilson,SIRP,SDP,5,27.95
,Adam Mazur,SP,SDP,6,21.2944444
,Robby Snelling,SP,SDP,7,18.6305555
,Norge Vera,SP,CHW,7,22.1805555
,Jordan Balazovic,SP,MIN,16,23.8861111
,Reiss Knehr,MIRP,SDP,8,25.7583333
,Noah Schultz,SP,CHW,8,19.0027777
,Jay Groome,SP,SDP,9,23.9527777
,Jared Kelley,SIRP,CHW,10,20.8416666
,Landon Sims,MIRP,ARI,14,21.5916666
,CJ Van Eyk,SP,TOR,8,23.8916666
,Frank Mozzicato,SP,KCR,6,19.1305555
,Sem Robberse,SP,TOR,12,20.8166666
,Jonathan Bowlan,SP,KCR,7,25.6805555
,Ben Kudrna,SP,KCR,9,19.5166666
,Asa Lacy,SIRP,KCR,10,23.1777777
,T.J. Sikkema,SP,KCR,13,24.0305555
,Nathan Webb,MIRP,KCR,14,24.9611111
,Josh Dye,MIRP,KCR,15,25.8944444
,Bryce Miller,MIRP,SEA,8,23.9527777
,Adam Macko,SP,SEA,9,21.6
,Calvin Ziegler,SP,NYM,11,19.8416666
,Walter Ford,SP,SEA,10,17.6055555
,Dedniel Nunez,SIRP,NYM,12,26.1694444
,Chase Petty,SIRP,CIN,14,19.3388888
,Bryce Bonnin,SIRP,CIN,18,23.8194444
,Carson Spiers,SP,CIN,19,24.7361111
,Spencer Schwellenbach,SP,ATL,6,22.1833333
,Jarlin Susana,SP,WSN,10,18.3694444
,Jackson Rutledge,SIRP,WSN,11,23.3472222
,Bryce Elder,SP,ATL,8,23.2138888
,Lyon Richardson,SP,CIN,22,22.55
,Jake Bennett,SP,WSN,12,21.6777777
,AJ Smith-Shawver,SP,ATL,10,19.7111111
,Ky Bush,SIRP,LAA,6,22.7333333
,R.J. Dabovich,SIRP,SFG,10,23.5694444
,Nick Swiney,SP,SFG,11,23.4833333
,Eric Silva,SP,SFG,12,19.8416666
,Janson Junk,SP,LAA,9,26.5583333
,Mason Black,MIRP,SFG,13,22.6555555
,Ron Marinaccio,MIRP,NYY,16,27.0972222
,Manuel Mercedes,SP,SFG,18,19.875
,Stephen Ridings,SIRP,NYY,17,26.9777777
,Matt Mikulski,MIRP,SFG,19,23.2444444
,Deivi Garcia,SP,NYY,18,23.2138888
,Justin Lange,SP,NYY,19,20.9027777
,Drew Rom,SP,BAL,16,22.6416666
,Seth Johnson,SP,BAL,17,23.8805555
,Ethan Hankins,SP,CLE,21,22.2027777
,Colin Peluse,MIRP,OAK,13,24.1527777
,Cody Morris,MIRP,CLE,22,25.7555555
,Jeff Criswell,MIRP,OAK,14,23.4055555
,Nick Mikolajchak,SIRP,CLE,25,24.7083333
,Trenton Denholm,SP,CLE,26,22.6861111
,Davis Sharpe,SP,CLE,27,22.5166666
,Tink Hence,SP,STL,7,20
,Zack Thompson,SP,STL,8,24.7722222
,Michael McGreevy,SP,STL,10,22.0777777
,Carlos Duran,SIRP,LAD,18,21.0166666
,Emmet Sheehan,MIRP,LAD,19,22.725
,Nick Frasso,SP,LAD,20,23.8
,Nick Nastrini,SIRP,LAD,22,22.4666666
,Joel Ibarra,MIRP,LAD,23,20.0722222
,Ronan Kopp,SIRP,LAD,30,20.0194444
,Ben Casparius,MIRP,LAD,32,23.4861111
,Gus Varland,MIRP,LAD,34,25.75
,Hyun-il Choi,MIRP,LAD,36,22.1916666
,Kutter Crawford,SP,BOS,22,26.3472222
,Frank German,SIRP,BOS,23,24.8722222
,Eduard Bazardo,SIRP,BOS,23,26.9305555
,Jacob Wallace,SIRP,BOS,25,23.9805555
,Micah Ottenbreit,SP,PHI,13,19.2472222
,James McArthur,SIRP,PHI,15,25.6527777
,Chris McMahon,SP,COL,19,23.5055555
,Ryan Rolison,SP,COL,20,25.0694444
,Ryan Feltner,MIRP,COL,21,25.9277777
,Noah Davis,SP,COL,22,25.2888888
,Joe Rock,SP,COL,23,22.0194444
,Brayan Castillo,SP,COL,24,21.9027777
,Eduar Segovia,SIRP,PHI,21,21.5722222
,Michael Mercado,SP,TBR,25,23.3083333
,Helcris Olivarez,SIRP,COL,27,21.9944444
,John Doxakis,SP,TBR,28,23.9611111
,Tommy Romero,MIRP,TBR,29,25.0777777
,Jake Bird,SIRP,COL,29,26.6722222
,Calvin Faucher,SIRP,TBR,31,26.8722222
,Karl Kauffmann,SP,COL,31,24.975
,Austin Vernon,MIRP,TBR,32,23.4944444
,McCade Brown,SIRP,COL,32,22.225
,Antonio Jimenez,SP,TBR,35,21.25
,Sean Reynolds,SIRP,MIA,24,24.2972222
,Dylan Smith,SP,DET,15,22.1888888
,Elvin Rodriguez,SP,DET,18,24.35
,Jason Foley,SIRP,DET,19,26.7638888
,Thomas Harrington,SP,PIT,23,21.0666666
,Po-Yu Chen,SP,PIT,24,20.8444444
,Zack Hess,SIRP,DET,23,25.4472222
,Hunter Barco,SP,PIT,26,21.6416666
,Wilkel Hernandez,SP,DET,25,23.3138888
,Cody Bolton,SIRP,PIT,28,24.1305555
,Michael Kennedy,SP,PIT,30,17.6833333
,Robert Gasser,SP,MIL,16,23.1833333
,Carmen Mlodzinski,MIRP,PIT,31,23.4638888
,Dylan File,SP,MIL,18,26.1722222
,Ben Brown,MIRP,CHC,25,22.9083333
,Taylor Floyd,SIRP,MIL,19,24.6611111
,Nick Garcia,SP,PIT,35,23.2944444
,Kohl Franklin,SP,CHC,30,22.9083333
,Russell Smith,SIRP,MIL,24,23.9055555
,Chris Clarke,SP,CHC,31,24.2305555
,Joaquin Tejada,SP,PIT,40,19.0555555
,Brandon Birdsell,SIRP,CHC,32,22.3694444
,Cole Ragans,SP,TEX,21,24.65
,Tekoah Roby,SP,TEX,22,20.8833333
,Nazier Mule,SIRP,CHC,34,17.8083333
,Mason Englert,SP,TEX,23,22.7638888
,Max Kranick,SP,PIT,44,25.0416666
,Winston Santos,SP,TEX,24,20.3083333
,Tyler Schlaffer,SP,CHC,36,21.2
,Nic Laio,SIRP,PIT,45,25.0222222
,Luke Little,SIRP,CHC,37,21.9333333
,Yerry Rodriguez,SIRP,TEX,26,24.8083333
,Max Bain,SP,CHC,38,26.8583333
,Forrest Whitley,MIRP,HOU,11,24.8916666
,Emiliano Teodo,SIRP,TEX,27,21.4777777
,Jairo Solis,SIRP,HOU,12,22.6222222
,Austin Roberts,MIRP,PIT,48,24.025
,Mitch Bratt,SP,TEX,28,19.0916666
,Justin Slaten,SIRP,TEX,29,24.8916666
,Avery Weems,MIRP,TEX,30,25.1666666
,Seth Martinez,MIRP,HOU,15,27.9361111
,Shawn Dubin,SIRP,HOU,16,26.9166666
,Michael Knorr,SP,HOU,20,22.2333333
,David Festa,SP,MIN,19,22.4111111
,Caleb Freeman,SIRP,CHW,11,24.4527777
,Garrett Hawkins,SP,SDP,12,22.4888888
,Jimmy Lambert,SP,CHW,12,27.7166666
,Ryan Bergert,SP,SDP,13,22.4111111
,Sean Burke,MIRP,CHW,13,22.6333333
,Henry Williams,SP,SDP,14,20.8833333
,Jonathan Cannon,SP,CHW,14,22.0472222
,Conor Grammes,SIRP,ARI,18,25.0472222
,Matthew Thompson,SP,CHW,15,21.9861111
,Blayne Enlow,MIRP,MIN,24,23.375
,Efrain Contreras,SP,SDP,17,22.5944444
,Kohl Simas,SP,CHW,16,22.6222222
,Louie Varland,SIRP,MIN,25,24.6583333
,Tommy Henry,SP,ARI,20,25.0194444
,Bowden Francis,SP,TOR,14,26.2888888
,Joe Elbis,SP,ARI,21,19.8666666
,Peyton Pallette,SP,CHW,18,21.2416666
,Edwin Uceta,SP,ARI,22,24.575
,Dahian Santos,SP,TOR,16,19.4444444
,Yosver Zulueta,SIRP,TOR,17,24.5361111
,Hagen Danner,SIRP,TOR,19,23.85
,Hayden Juenger,SIRP,TOR,21,21.9916666
,Joey Murray,MIRP,TOR,22,25.8694444
,Andrew Hoffmann,SP,KCR,17,22.5111111
,Beck Way,SP,KCR,20,23
,Drew Parrish,SP,KCR,21,24.6611111
,Collin Snider,SIRP,KCR,22,26.8222222
,Dylan Coleman,SIRP,KCR,23,23.8888888
,John McMillon,SIRP,KCR,24,24.525
,Christian Chamberlain,SIRP,KCR,25,23.0444444
,Ben Hernandez,SIRP,KCR,26,21.0972222
,Ronald Bolanos,SP,KCR,28,25.9527777
,Angel Zerpa,MIRP,KCR,29,22.8583333
,Shane Panzini,SP,KCR,33,20.7666666
,Dominic Hamel,SP,NYM,14,23.4277777
,Travis Kuhn,SIRP,SEA,12,24.2111111
,Jose Butto,SP,NYM,15,24.3805555
,Joel Diaz,SP,NYM,16,18.4444444
,Joseph Hernandez,SP,SEA,14,22.1416666
,Michael Morales,SP,SEA,16,19.9805555
,Mike Vasil,SP,NYM,19,22.3805555
,Juan Then,SIRP,SEA,17,22.4972222
,Michel Otanez,SIRP,NYM,20,25.0916666
,Jordany Ventura,MIRP,NYM,21,22.0833333
,Luis Rodriguez,SP,NYM,22,19.675
,Gerardo Carrillo,SIRP,WSN,13,23.8972222
,Freddy Tarnok,SP,ATL,11,23.7
,Jake Irvin,SP,WSN,15,25.4666666
,Andrew Abbott,SP,CIN,26,23.1805555
,Aldo Ramirez,SP,WSN,16,21.25
,Steve Hajjar,SP,CIN,27,21.9972222
,Alan Rangel,SP,ATL,14,24.9583333
,Levi Stoudt,MIRP,CIN,28,24.6722222
,Christian Roa,SP,CIN,29,23.3444444
,Andry Lara,SP,WSN,19,19.5833333
,Max Castillo,SP,KCR,,23.2555555
,Royber Salinas,SIRP,ATL,19,21.3222222
,Brooks Wilson,MIRP,ATL,20,26.3916666
,Jared Solomon,SIRP,CIN,34,25.1555555
,Evan Lee,SIRP,WSN,24,25.1333333
,Victor Vodnik,SIRP,ATL,21,22.825
,Daniel Duarte,SIRP,CIN,35,25.6722222
,Zach Brzykcy,SIRP,WSN,25,23.0666666
,Cory Abbott,SP,WSN,26,26.8777777
,Seth Shuman,SP,WSN,27,24.6805555
,Kenya Huggins,SP,CIN,38,19.65
,Vin Timpanelli,SIRP,CIN,39,23.8444444
,Alejandro Hidalgo,SP,LAA,15,19.2055555
,Mason Erla,MIRP,LAA,16,24.9638888
,Reggie Crawford,SIRP,SFG,20,21.6722222
,Jake Madden,SIRP,LAA,18,20.6111111
,Randy Vasquez,MIRP,NYY,20,23.7583333
,Tristan Beck,SP,SFG,22,26.1166666
,Ben Joyce,SIRP,LAA,19,21.8861111
,Ryan Murphy,SP,SFG,23,22.8277777
,Landen Roupp,SP,SFG,24,23.9055555
,Matt Sauer,SP,NYY,23,23.5416666
,Coleman Crow,MIRP,LAA,22,21.6
,Trystan Vrieling,SP,NYY,24,21.8444444
,Tucker Davidson,MIRP,LAA,23,26.3638888
,Brock Selvidge,MIRP,NYY,25,19.9388888
,Thomas Szapucki,MIRP,SFG,27,26.15
,Davis Daniel,SIRP,LAA,24,25.1527777
,Brendan Beck,SP,NYY,26,23.8333333
,Randy Rodriguez,SIRP,SFG,28,22.9194444
,Mason Albright,SP,LAA,25,19.6944444
,Nick Zwack,SP,SFG,29,24.0138888
,Walbert Urena,SP,LAA,26,18.5305555
,Sam Delaplane,SIRP,SFG,30,27.3583333
,Adam Seminaris,MIRP,LAA,27,23.7972222
,Fernando Guanare,SP,LAA,28,19.125
,Sean Hjelle,SP,SFG,32,25.2472222
,Cade Povich,SP,BAL,19,22.3166666
,Carter Baumler,SP,BAL,20,20.5166666
,Jean Pinto,SIRP,BAL,24,21.575
,Chayce McDermott,SP,BAL,25,23.9555555
,Mike Baumann,SIRP,BAL,29,26.9055555
,Kyle Brnovich,SP,BAL,30,24.7944444
,Alexander Wells,SP,BAL,34,25.4416666
,Chris Vallimont,MIRP,BAL,35,25.3833333
,JP Sears,SP,OAK,18,26.4638888
,Adam Oller,SP,OAK,19,27.8027777
,Tommy Mace,SP,CLE,28,23.7361111
,Zach Logue,SP,OAK,20,26.2861111
,Peyton Battenfield,MIRP,CLE,30,24.9888888
,Joey Estes,SP,OAK,22,20.8277777
,Lenny Torres,SP,CLE,31,21.8083333
,Garrett Acton,SIRP,OAK,24,24.1416666
,Tanner Burns,SP,CLE,33,23.6055555
,Blake Beers,SP,OAK,25,24.0583333
,Jacob Watters,SIRP,OAK,26,21.425
,Austin Love,SP,STL,12,23.5277777
,Doug Nikhazy,SP,CLE,35,22.9861111
,Mason Miller,SIRP,OAK,27,23.95
,Ian Bedell,SP,STL,13,22.9194444
,Jorge Juan,SP,OAK,28,23.4166666
,Brycen Mautz,SP,STL,14,21.0527777
,Hunter Gaddis,MIRP,CLE,37,24.325
,Brent Honeywell Jr.,SP,OAK,29,27.35
,Josh Wolf,MIRP,CLE,38,21.9305555
,Christian Fernandez,SP,OAK,30,22.9861111
,Freddy Pacheco,SIRP,STL,16,24.3027777
,Jack Weisenburger,SIRP,OAK,32,24.8277777
,Packy Naughton,MIRP,STL,19,26.3055555
,Inohan Paniagua,SP,STL,20,22.5
,Peter Heubeck,SP,LAD,24,20.0388888
,Brian Howard,SP,OAK,37,27.2805555
,Maximo Martinez,SP,LAD,28,18.125
,Nick Robertson,SIRP,LAD,29,24.0555555
,Reny Artiles,SP,CLE,51,20.5527777
,Kirby Snead,SIRP,OAK,43,27.8305555
,Nathanael Heredia,SIRP,STL,29,21.9055555
,Trey Benton,SIRP,CLE,52,24.1333333
,Edwin Nunez,SIRP,STL,30,20.7527777
,Jacob Zibin,SP,CLE,53,17.5166666
,Eduardo Rivera,SIRP,OAK,45,19.1472222
,Randel Clemente,SIRP,STL,31,20.7194444
,Nic Enright,SIRP,CLE,54,25.5777777
,Dany Jimenez,SIRP,OAK,46,26.6194444
,Alec Willis,SP,STL,32,19.35
,Wandisson Charles,SIRP,OAK,47,25.9138888
,Aiden McIntyre,SIRP,OAK,48,26.9416666
,Stevie Emanuels,SP,OAK,49,23.5166666
,River Ryan,SP,LAD,39,23.9694444
,Kyle Hurt,MIRP,LAD,41,24.1833333
,Jose Hernandez,SIRP,LAD,45,24.6
,Guillermo Zuniga,SIRP,LAD,46,23.8222222
,Tanner Dodson,SIRP,LAD,47,25.2416666
,Carlos De Los Santos,SIRP,LAD,48,21.7166666
,Madison Jeffrey,SIRP,LAD,49,22.3944444
,Jorge Gonzalez,SIRP,LAD,50,19.9333333
,Robinson Ortiz,MIRP,LAD,52,22.5888888
,Luis Perales,SIRP,BOS,35,19.3111111
,Zack Kelly,SIRP,BOS,36,27.425
,Chris Murphy,MIRP,BOS,37,24.1694444
,Damon Jones,SIRP,PHI,24,27.85
,Andrew Schultz,SIRP,PHI,25,25.0166666
,Blake Brown,SIRP,PHI,26,23.9666666
,Bradley Blalock,SP,BOS,41,21.6138888
,Drew Baker,SIRP,PHI,28,22.3666666
,Andrew Politi,SIRP,BOS,42,26.1722222
,Alex McFarlane,SIRP,PHI,29,21.1583333
,Mason Montgomery,SP,TBR,33,22.1361111
,Juan Daniel Encarnacion,SP,BOS,43,21.35
,Michael Plassmeyer,SP,PHI,30,25.7527777
,Angel Bastardo,SIRP,BOS,44,20.1333333
,Angel Chivilli,SIRP,COL,34,20.0222222
,Rafael Marcano,SIRP,PHI,31,22.2944444
,Dominic Pipkin,SIRP,PHI,32,22.7527777
,Riley Pint,SIRP,COL,36,24.75
,Jean Cabrera,SP,PHI,33,20.7944444
,Jackson Cox,SP,COL,37,18.8638888
,Gunner Mayer,SIRP,PHI,34,22.025
,Jose Pena Jr.,SIRP,PHI,35,19.0777777
,Chih-Jung Liu,SIRP,BOS,49,23.3305555
,Blair Calvo,SIRP,COL,39,26.4416666
,Brendan Cellucci,SIRP,BOS,50,24.1
,Gavin Hollowell,SIRP,COL,40,24.7555555
,Jeremy Wu-Yelland,SIRP,BOS,51,23.1166666
,PJ Poulin,SIRP,COL,41,26.0305555
,Nicoly Pina,SIRP,PHI,38,22.8277777
,Jose Lopez,MIRP,TBR,42,23.475
,Noah Dean,SIRP,BOS,52,21.4055555
,Carson Palmquist,MIRP,COL,42,21.8027777
,Starlyn Castillo,SIRP,PHI,39,20.45
,Brendan McKay,SP,TBR,43,26.6333333
,Bryan Perez,SP,COL,43,18.9111111
,Elmer Rodriguez-Cruz,SIRP,BOS,54,18.9666666
,Will Ethridge,SP,COL,44,24.6277777
,Victor Munoz,SP,TBR,46,21.6138888
,Durbin Feltman,SIRP,BOS,56,25.3
,Julian Fernandez,SIRP,COL,46,26.6694444
,Zach King,SP,MIA,26,24.2666666
,Hunter Barnhart,SP,TBR,47,20.4777777
,Luis Vizcaino,SP,MIA,29,21.075
,Reidis Sena,SIRP,BOS,60,21.3305555
,Andrew Nardi,MIRP,MIA,30,23.9666666
,Josh Roberson,SIRP,TBR,51,26.2333333
,Yoniel Curet,SP,TBR,52,19.7583333
,Dylan Spacke,SIRP,BOS,62,24.4027777
,Evan Reifert,SIRP,TBR,53,23.2277777
,Wyatt Olds,SIRP,BOS,63,23.0027777
,Justin Sterner,SIRP,TBR,54,25.9361111
,Evan Fitterer,SP,MIA,35,22.1111111
,Chris Muller,SIRP,TBR,56,26.2888888
,Will Stewart,MIRP,MIA,36,25.0611111
,Josh White,MIRP,MIA,37,21.7
,Zach McCambley,MIRP,MIA,38,23.2861111
,Luis Palacios,SP,MIA,39,22.0972222
,Linse Carvajal,SIRP,TBR,61,23.6694444
,Alexander Alberto,SP,TBR,62,20.7611111
,Cade Halemanu,SIRP,TBR,63,21.9916666
,Neraldo Catalina,SIRP,TBR,64,22.125
,Joel Peguero,SIRP,TBR,65,25.2527777
,Angel De Jesus,SIRP,DET,28,25.4805555
,Franklin Perez,SP,DET,29,24.6666666
,Tyler Mattison,SIRP,DET,30,22.9194444
,Keider Montero,SIRP,DET,34,22.0833333
,Alec Bettinger,SP,MIL,26,27.0638888
,Edwin Jimenez,SP,MIL,27,20.65
,Justin Topa,SIRP,MIL,30,31.4138888
,Victor Castaneda,MIRP,MIL,31,23.9416666
,Richard Gallardo,SP,CHC,39,20.9166666
,Eury Ramos,SIRP,CHC,40,24.8222222
,Nick Bennett,MIRP,MIL,34,24.9305555
,Blake Cederlind,SIRP,PIT,49,26.5888888
,Yovanny Cruz,SP,CHC,41,22.9527777
,Owen Kellington,SP,PIT,50,19.5027777
,Riley Thompson,MIRP,CHC,42,26.075
,Hobie Harris,SIRP,MIL,36,29.1194444
,Kervin Castro,SIRP,CHC,43,23.4972222
,Cam Robinson,SIRP,MIL,37,22.9166666
,Omar Cruz,SP,PIT,52,23.5277777
,Alexander Vizcaino,SIRP,CHC,44,25.2055555
,Clayton Andrews,SIRP,MIL,38,25.5888888
,Santiago Florez,SIRP,PIT,53,22.2416666
,Jake Latz,SP,TEX,33,26.3277777
,Ethan Roberts,SIRP,CHC,45,25.0888888
,Lucas Erceg,SIRP,MIL,39,27.2638888
,Tahnaj Thomas,SIRP,PIT,54,23.1388888
,Parker Mushinski,SIRP,HOU,19,26.7055555
,Max Lazar,MIRP,MIL,40,23.175
,JP Massey,SP,PIT,55,22.3472222
,Nick Snyder,SIRP,TEX,35,26.8222222
,Koen Moreno,SP,CHC,47,21.0138888
,Eddy Yean,SP,PIT,56,21.1138888
,Lucas Jacobsen,SIRP,TEX,37,27.0972222
,Cayne Ueckert,SIRP,CHC,49,26.1888888
,Ricky Vanasco,MIRP,TEX,38,23.8138888
,Brennan Malone,SP,PIT,59,21.9111111
,Hever Bueno,SIRP,TEX,39,27.7027777
,Anderson Espinoza,SP,CHC,51,24.4083333
,Misael Tamarez,MIRP,HOU,24,22.5555555
,Edinson Batista,SP,HOU,25,20.2138888
,Hunter Stratton,SIRP,PIT,61,25.7194444
,Josh Gessner,MIRP,TEX,41,22.1138888
,Burl Carraway,SIRP,CHC,52,23.1916666
,Spencer Arrighetti,SIRP,HOU,26,22.5944444
,Trey McGough,SP,PIT,62,24.3527777
,Daniel Robert,SIRP,TEX,42,27.9333333
,Miguel Ullola,SIRP,HOU,27,20.1305555
,Ryder Ryan,SIRP,TEX,43,27.2361111
,Ronel Blanco,SIRP,HOU,28,28.9333333
,Jaime Melendez,SIRP,HOU,29,20.8611111
,Fernery Ozuna,SIRP,TEX,45,26.7416666
,Andrew Taylor,SP,HOU,30,20.8694444
,Scott Engler,SIRP,TEX,46,25.65
,Alex Santos II,SP,HOU,33,20.4888888
,Edwar Colina,SIRP,TEX,49,25.2583333
,J.P. France,MIRP,HOU,34,27.3388888
,Julio Robaina,MIRP,HOU,35,21.3694444
,Sean Mooney,SP,MIN,27,24.5694444
,Kevin Kopps,SIRP,SDP,21,25.4277777
,Jackson Wolf,MIRP,SDP,22,23.2888888
,Cristian Mena,SP,CHW,22,19.625
,Jairo Iriarte,MIRP,SDP,25,20.6416666
,Kade McClure,SP,CHW,23,26.4833333
,Christian MacLeod,SP,MIN,32,22.3166666
,Pedro Avila,SP,SDP,26,25.5611111
,Davis Martin,SP,CHW,24,25.5888888
,Jovani Moran,SIRP,MIN,33,25.2833333
,Kyle Tyler,SP,SDP,27,25.6083333
,Steven Cruz,SIRP,MIN,34,23.1416666
,Ray Kerr,SIRP,SDP,28,27.9055555
,Andrew Dalquist,SP,CHW,26,21.7305555
,Francis Peguero,SIRP,MIN,35,24.9861111
,Irv Carter,SP,TOR,23,19.8277777
,Jonathan Stiever,SP,CHW,27,25.2333333
,Drew Strotman,SIRP,MIN,36,25.925
,Kendry Rojas,SIRP,TOR,24,19.6944444
,Jhosmer Alvarez,SIRP,ARI,31,21.1027777
,Gil Luna,MIRP,CHW,28,23.0194444
,Juan Mendez,SIRP,MIN,37,23.8
,Chase Walter,SIRP,SDP,31,24.0277777
,Chad Dallas,MIRP,TOR,25,22.1111111
,Hunter Schryver,SIRP,CHW,29,27.3416666
,Brayan Medina,SP,MIN,38,19.8333333
,Jake Rice,SIRP,ARI,34,25.0472222
,Tanner McDougal,SP,CHW,31,19.3416666
,Angel Felipe,SIRP,SDP,34,24.9333333
,Kyle Nelson,MIRP,ARI,35,26.0777777
,Yoan Aybar,SIRP,CHW,32,25.0916666
,Tobias Myers,SP,CHW,39,24.0027777
,Mitchell Stumpo,SIRP,ARI,38,26.1361111
,Trent Palmer,MIRP,TOR,32,23.3416666
,Spencer Giesting,MIRP,ARI,39,21.0944444
,Levi Kelly,MIRP,ARI,40,23.2277777
,Justin Martinez,MIRP,ARI,41,21.0166666
,Yaifer Perdomo,SIRP,ARI,42,20.9722222
,Graham Spraker,SIRP,TOR,36,27.3805555
,Jackson Rees,SIRP,TOR,37,28.0166666
,Adam Kloffenstein,SP,TOR,38,21.9472222
,Nate Savino,SP,ARI,46,20.5333333
,Jacob Steinmetz,SP,ARI,47,19.0472222
,Ryan Weiss,MIRP,ARI,48,25.6555555
,Christian Montes De Oca,SIRP,ARI,49,22.9333333
,Eric Cerantola,SIRP,KCR,37,22.2611111
,Will Klein,SIRP,KCR,38,22.6888888
,William Fleming,SP,KCR,39,23.4166666
,Prelander Berroa,SIRP,SEA,18,22.3
,A.J. Block,SIRP,KCR,41,24.3055555
,Penn Murfee,SIRP,SEA,20,28.2611111
,Samuel Valerio,SIRP,KCR,42,20.8277777
,Jimmy Joyce,SIRP,SEA,22,23.5638888
,Grant Hartwig,SIRP,NYM,25,24.6333333
,Kasey Kalich,SIRP,KCR,45,24.2805555
,Christian Scott,SP,NYM,26,23.1416666
,Riley O'Brien,SIRP,SEA,24,27.5
,Anderson Paulino,SIRP,KCR,46,23.9
,Bryce Montes de Oca,SIRP,NYM,27,26.2861111
,Tyler Stuart,SIRP,NYM,28,22.8277777
,Yeury Tatiz,SIRP,SEA,26,21.7055555
,Junior Santos,SIRP,NYM,29,20.9722222
,Tyler Cleveland,MIRP,SEA,27,21.5972222
,Robert Dominguez,SP,NYM,31,20.6833333
,Natanael Garabitos,SIRP,SEA,29,22.0055555
,Anthony Veneziano,SIRP,KCR,51,24.9305555
,Raimon Gomez,SIRP,NYM,32,20.9166666
,Bryan Woo,SIRP,SEA,30,22.5166666
,Mack Anglin,SIRP,KCR,52,22.0861111
,Zach Haake,SIRP,KCR,53,25.8277777
,Austin Cox,MIRP,KCR,54,25.3555555
,Cole Phillips,SP,ATL,25,19.1944444
,Mason Denaburg,SP,WSN,29,22.9944444
,Darius Vines,SP,ATL,27,24.2666666
,Francisco Perez,SIRP,WSN,31,25.0444444
,Jesus Cruz,SIRP,ATL,28,27.3083333
,Matt Cronin,SIRP,WSN,32,24.8777777
,Jasseel De La Cruz,SIRP,ATL,29,25.1111111
,Reiver Sanmartin,SP,CIN,43,26.3083333
,Mitchell Parker,MIRP,WSN,33,22.8583333
,Austin Smith,SIRP,ATL,30,23.1222222
,Andrew Moore,SIRP,CIN,44,22.9861111
,Alexis Diaz,SIRP,CIN,45,25.8555555
,Jose A. Ferrer,SIRP,WSN,35,22.425
,Stevie Branche,SIRP,CIN,46,25.2166666
,Adam Shoemaker,SIRP,ATL,34,19.7111111
,Chris McElvain,SP,CIN,48,21.8916666
,Reynardo Cruz,SP,CIN,49,20.7833333
,Luis Mey,SIRP,CIN,50,21.1166666
,Bryce Hubbart,SP,CIN,54,21.1055555
,Kevin Abel,SP,CIN,55,23.4638888
,Joe Boyle,SIRP,CIN,56,22.9777777
,Mitch Spence,MIRP,NYY,28,24.25
,Nicio Rodriguez,SIRP,NYY,29,22.925
,Dauri Moreta,SIRP,CIN,60,26.3083333
,Tyrone Yulie,SIRP,NYY,30,21.0055555
,Denny Larrondo,SP,NYY,32,20.1833333
,Trevor McDonald,MIRP,SFG,36,21.4444444
,Jhonathan Diaz,SP,LAA,33,25.8972222
,Edgar Barclay,SIRP,NYY,35,24.1972222
,Landon Marceaux,SP,LAA,34,22.8277777
,Jack Kochanowicz,SP,LAA,35,21.6222222
,Jorge Guzman,SIRP,SFG,41,26.5222222
,Jose Marte,SIRP,LAA,37,26.1444444
,Cole Waites,SIRP,SFG,42,24.1555555
,Elvis Peguero,SIRP,LAA,38,25.3777777
,Oliver Ortega,SIRP,LAA,39,25.8444444
,Julio Rodriguez,SIRP,SFG,44,22.4888888
,Robinson Pina,SIRP,LAA,40,23.6944444
,Luke Murphy,SIRP,LAA,41,22.7527777
,Seth Corry,MIRP,SFG,46,23.7583333
,Austin Warren,SIRP,LAA,42,26.2527777
,Jose Cruz,SIRP,SFG,47,22.2166666
,Victor Mederos,SP,LAA,43,21.1611111
,Ryan Walker,SIRP,SFG,49,26.6944444
,Kelvin Caceres,SIRP,LAA,44,22.5277777
,Ian Villers,SIRP,SFG,50,21.9305555
,Jose Salvador,SIRP,LAA,45,22.875
,Gerelmi Maldonado,SP,SFG,51,18.625
,Mat Olsen,SIRP,SFG,52,22.0777777
,Connor Higgins,SIRP,LAA,47,26.0416666
,Carson Ragsdale,SP,SFG,53,24.1972222
,Ivan Armstrong,MIRP,LAA,48,22.025
,Blake Rivera,SIRP,SFG,54,24.575
,Jose Soriano,SIRP,LAA,49,23.7944444
,Kai-Wei Teng,MIRP,SFG,56,23.6805555
,Felix Bautista,SIRP,BAL,36,27.1277777
,Brandon Young,SP,BAL,39,23.9638888
,Bryan Baker,SIRP,BAL,44,27.6777777
,Logan Gillaspie,MIRP,BAL,45,25.3027777
,Carlos Tavera,MIRP,BAL,46,23.8333333
,Yennier Cano,SIRP,BAL,47,28.4083333
,Morgan McSweeney,SIRP,BAL,48,24.875
,Tyler Burch,SIRP,BAL,49,24.9277777
,Keagan Gillies,SIRP,BAL,50,24.525
,Kevin Smith,SP,BAL,51,25.2305555
,Cole Uvila,SIRP,BAL,52,28.5166666
,Andrew Misiaszek,MIRP,CLE,41,24.95
,Ignacio Feliz,SP,BAL,54,22.7861111
,Carlos Vargas,SIRP,CLE,42,22.8138888
,Isaac Mattson,SIRP,BAL,55,27.0611111
,Konnor Pilkington,SP,CLE,43,24.9
,Pete Hansen,SP,STL,21,22.0222222
,Joey Cantillo,SP,CLE,44,22.6333333
,Jake Walsh,SIRP,STL,22,27.0444444
,Javier Santos,SP,CLE,45,19.1777777
,Gustavo J. Rodriguez,SIRP,STL,23,21.5777777
,Ryan Loutos,SIRP,STL,25,23.5194444
,Cory Thompson,SIRP,STL,26,27.8694444
