Name,Pos,Bio.Class,H,W,B,T
Cory Abbott,P,Pitcher,"6' 1""",210,R,R
CJ Abrams,SS,Position,"6' 2""",180,L,R
Albert Abreu,P,Pitcher,"6' 2""",190,R,R
Bryan Abreu,P,Pitcher,"6' 1""",220,R,R
Jose Abreu,1B,Position,"6' 3""",240,R,R
Domingo Acevedo,P,Pitcher,"6' 7""",240,R,R
Ronald Acuna Jr.,RF,Position,"6' 0""",200,R,R
Jason Adam,P,Pitcher,"6' 3""",230,R,R
Willy Adames,SS,Position,"6' 0""",210,R,R
Austin Adams,P,Pitcher,"6' 3""",220,R,R
Riley Adams,C,Position,"6' 4""",250,R,R
Jo Adell,LF,Position,"6' 3""",220,R,R
Joan Adon,P,Pitcher,"6' 2""",250,R,R
Ehire Adrianza,2B,Position,"6' 1""",200,S,R
Jesus Aguilar,DH,Position,"6' 3""",280,R,R
Ryan Aguilar,RF,Position,"6' 2""",170,L,L
Nick Ahmed,SS,Position,"6' 2""",200,R,R
Keegan Akin,P,Pitcher,"5' 11""",240,L,L
Hanser Alberto,2B,Position,"5' 11""",220,R,R
Ozzie Albies,2B,Position,"5' 8""",160,S,R
Jorge Alcala,P,Pitcher,"6' 3""",200,R,R
Sandy Alcantara,P,Pitcher,"6' 5""",200,R,R
Sergio Alcantara,3B,Position,"5' 9""",150,S,R
Jason Alexander,P,Pitcher,"6' 3""",200,R,R
Scott Alexander,P,Pitcher,"6' 2""",200,L,L
Tyler Alexander,P,Pitcher,"6' 2""",200,R,L
A.J. Alexy,P,Pitcher,"6' 4""",200,R,R
Jorge Alfaro,C,Position,"6' 3""",230,R,R
Anthony Alford,OF,Position,"6' 1""",220,R,R
Kolby Allard,P,Pitcher,"6' 1""",200,L,L
Cam Alldred,P,Pitcher,"6' 3""",200,L,L
Austin Allen,C,Position,"6' 2""",220,L,R
Greg Allen,CF,Position,"6' 0""",180,S,R
Logan Allen,P,Pitcher,"6' 3""",200,R,L
Nick Allen,2B,Position,"5' 8""",170,R,R
Abraham Almonte,OF,Position,"5' 10""",220,S,R
Yency Almonte,P,Pitcher,"6' 5""",220,R,R
Albert Almora Jr.,RF,Position,"6' 2""",190,R,R
Pete Alonso,1B,Position,"6' 3""",240,R,R
Jose Altuve,2B,Position,"5' 6""",170,R,R
Jose Alvarado,P,Pitcher,"6' 2""",240,L,L
Eddy Alvarez,3B,Position,"5' 9""",180,L,R
Jose Alvarez,P,Pitcher,"5' 11""",200,L,L
R.J. Alvarez,P,Pitcher,"6' 1""",230,R,R
Yordan Alvarez,DH,Position,"6' 5""",220,L,R
Adbert Alzolay,P,Pitcher,"6' 1""",210,R,R
Brian Anderson,3B,Position,"6' 3""",210,R,R
Ian Anderson,P,Pitcher,"6' 3""",170,R,R
Chase Anderson,P,Pitcher,"6' 1""",210,R,R
Shaun Anderson,P,Pitcher,"6' 6""",230,R,R
Tim Anderson,SS,Position,"6' 1""",180,R,R
Tyler Anderson,P,Pitcher,"6' 2""",220,L,L
Elvis Andrus,SS,Position,"6' 0""",210,R,R
Miguel Andujar,LF,Position,"6' 0""",210,R,R
Mark Appel,P,Pitcher,"6' 5""",220,R,R
Aristides Aquino,RF,Position,"6' 4""",220,R,R
Jonathan Aranda,2B,Position,"6' 0""",210,L,R
Victor Arano,P,Pitcher,"6' 2""",230,R,R
Jonathan Arauz,2B,Position,"6' 0""",200,S,R
Chris Archer,P,Pitcher,"6' 2""",200,R,R
Orlando Arcia,2B,Position,"6' 0""",190,R,R
Nolan Arenado,3B,Position,"6' 2""",220,R,R
Gabriel Arias,SS,Position,"6' 1""",220,R,R
Kohei Arihara,P,Pitcher,"6' 2""",210,R,R
Shawn Armstrong,P,Pitcher,"6' 2""",220,R,R
Randy Arozarena,LF,Position,"5' 11""",180,R,R
Luis Arraez,1B,Position,"5' 10""",180,L,R
Christian Arroyo,2B,Position,"6' 1""",210,R,R
Aaron Ashby,P,Pitcher,"6' 2""",180,R,L
Graham Ashcraft,P,Pitcher,"6' 2""",240,L,R
Javier Assad,P,Pitcher,"6' 1""",200,R,R
Willians Astudillo,3B,Position,"5' 9""",220,R,R
Pedro Avila,P,Pitcher,"5' 11""",210,R,R
Jose Azocar,RF,Position,"5' 11""",180,R,R
Akil Baddoo,LF,Position,"6' 1""",210,L,L
Harrison Bader,CF,Position,"6' 0""",210,R,R
Ji Hwan Bae,2B,Position,"6' 1""",180,L,R
Javier Baez,SS,Position,"6' 0""",190,R,R
Michel Baez,P,Pitcher,"6' 8""",220,R,R
Pedro Baez,P,Pitcher,"6' 0""",230,R,R
Bryan Baker,P,Pitcher,"6' 6""",240,R,R
Anthony Banda,P,Pitcher,"6' 2""",220,L,L
Tanner Banks,P,Pitcher,"6' 1""",210,R,L
Rylan Bannon,3B,Position,"5' 8""",180,R,R
Manny Banuelos,P,Pitcher,"5' 10""",220,R,L
Daniel Bard,P,Pitcher,"6' 4""",220,R,R
Luke Bard,P,Pitcher,"6' 3""",200,R,R
Luke Barker,P,Pitcher,"6' 3""",230,R,R
Joe Barlow,P,Pitcher,"6' 2""",210,R,R
Scott Barlow,P,Pitcher,"6' 3""",210,R,R
Austin Barnes,C,Position,"5' 10""",190,R,R
Jacob Barnes,P,Pitcher,"6' 2""",230,R,R
Matt Barnes,P,Pitcher,"6' 4""",210,R,R
Tucker Barnhart,C,Position,"5' 11""",190,S,R
Kyle Barraclough,P,Pitcher,"6' 3""",230,R,R
Tres Barrera,C,Position,"6' 0""",220,R,R
Luis Barrera,RF,Position,"6' 0""",200,L,L
Jose Barrero,SS,Position,"6' 2""",180,R,R
Jaime Barria,P,Pitcher,"6' 1""",210,R,R
Joey Bart,C,Position,"6' 2""",240,R,R
Anthony Bass,P,Pitcher,"6' 2""",200,R,R
Chris Bassitt,P,Pitcher,"6' 5""",220,R,R
Matthew Batten,3B,Position,"5' 11""",180,R,R
Brett Baty,3B,Position,"6' 3""",210,L,R
Mike Baumann,P,Pitcher,"6' 4""",240,R,R
Felix Bautista,P,Pitcher,"6' 5""",190,R,R
Shane Baz,P,Pitcher,"6' 2""",190,R,R
Eduard Bazardo,P,Pitcher,"6' 0""",160,R,R
Jeremy Beasley,P,Pitcher,"6' 2""",240,R,R
Matt Beaty,RF,Position,"6' 0""",220,L,R
Tim Beckham,SS,Position,"6' 0""",220,R,R
David Bednar,P,Pitcher,"6' 1""",250,L,R
Tyler Beede,P,Pitcher,"6' 2""",220,R,R
Jalen Beeks,P,Pitcher,"5' 11""",220,L,L
Seth Beer,DH,Position,"6' 3""",210,L,R
Josh Bell,1B,Position,"6' 4""",260,S,R
Andrew Bellatti,P,Pitcher,"6' 1""",190,R,R
Cody Bellinger,CF,Position,"6' 4""",200,L,L
Brayan Bello,P,Pitcher,"6' 1""",170,R,R
Brandon Belt,1B,Position,"6' 3""",230,L,L
Anthony Bemboom,C,Position,"6' 2""",200,L,R
Anthony Bender,P,Pitcher,"6' 4""",200,R,R
Andrew Benintendi,LF,Position,"5' 9""",180,L,L
Will Benson,CF,Position,"6' 5""",230,L,L
Wynton Bernard,CF,Position,"6' 2""",200,R,R
Brennan Bernardino,P,Pitcher,"6' 4""",180,L,L
Jose Berrios,P,Pitcher,"6' 0""",200,R,R
Jon Berti,3B,Position,"5' 10""",190,R,R
Christian Bethancourt,C,Position,"6' 3""",200,R,R
Mookie Betts,RF,Position,"5' 9""",180,R,R
Bo Bichette,SS,Position,"6' 0""",190,R,R
Phil Bickford,P,Pitcher,"6' 4""",200,R,R
Shane Bieber,P,Pitcher,"6' 3""",200,R,R
Brandon Bielak,P,Pitcher,"6' 2""",210,L,R
Cavan Biggio,2B,Position,"6' 2""",200,L,R
Jake Bird,P,Pitcher,"6' 3""",200,R,R
Ty Blach,P,Pitcher,"6' 1""",220,R,L
Paul Blackburn,P,Pitcher,"6' 1""",200,R,R
Charlie Blackmon,DH,Position,"6' 3""",220,L,L
Dairon Blanco,CF,Position,"6' 0""",170,R,R
Ronel Blanco,P,Pitcher,"6' 0""",180,R,R
Travis Blankenhorn,2B,Position,"6' 2""",240,L,R
JJ Bleday,CF,Position,"6' 3""",200,L,L
Richard Bleier,P,Pitcher,"6' 3""",220,L,L
Xander Bogaerts,SS,Position,"6' 2""",220,R,R
Alec Bohm,3B,Position,"6' 5""",220,R,R
Ronald Bolanos,P,Pitcher,"6' 2""",230,R,R
Skye Bolt,CF,Position,"6' 2""",180,S,R
Ryan Borucki,P,Pitcher,"6' 4""",210,L,L
David Bote,2B,Position,"6' 1""",200,R,R
Sean Bouchard,LF,Position,"6' 3""",220,R,R
Brad Boxberger,P,Pitcher,"5' 10""",210,R,R
Matthew Boyd,P,Pitcher,"6' 3""",220,L,L
Silvino Bracho,P,Pitcher,"5' 10""",190,R,R
Kyle Bradish,P,Pitcher,"6' 4""",220,R,R
Archie Bradley,P,Pitcher,"6' 4""",220,R,R
Bobby Bradley,1B,Position,"6' 1""",220,L,R
Jackie Bradley Jr.,CF,Position,"5' 10""",200,L,R
Michael Brantley,DH,Position,"6' 2""",210,L,L
Rob Brantly,C,Position,"6' 0""",190,L,R
Matt Brash,P,Pitcher,"6' 1""",170,R,R
Ryan Brasier,P,Pitcher,"6' 0""",230,R,R
Steven Brault,P,Pitcher,"6' 0""",200,L,L
Huascar Brazoban,P,Pitcher,"6' 3""",160,R,R
John Brebbia,P,Pitcher,"6' 1""",200,L,R
Alex Bregman,3B,Position,"6' 0""",190,R,R
Will Brennan,CF,Position,"6' 0""",200,L,L
Jake Brentz,P,Pitcher,"6' 1""",200,L,L
Austin Brice,P,Pitcher,"6' 4""",240,R,R
Jonah Bride,2B,Position,"5' 10""",200,R,R
Beau Brieske,P,Pitcher,"6' 3""",200,R,R
Jeff Brigham,P,Pitcher,"6' 0""",200,R,R
Lewis Brinson,CF,Position,"6' 5""",210,R,R
Zack Britton,P,Pitcher,"6' 1""",200,L,L
Connor Brogdon,P,Pitcher,"6' 6""",200,R,R
Aaron Brooks,P,Pitcher,"6' 4""",230,R,R
Mike Brosseau,3B,Position,"5' 10""",200,R,R
Hunter Brown,P,Pitcher,"6' 2""",210,R,R
Seth Brown,1B,Position,"6' 1""",220,L,L
JT Brubaker,P,Pitcher,"6' 3""",180,R,R
Justin Bruihl,P,Pitcher,"6' 2""",220,L,L
Vidal Brujan,2B,Position,"5' 10""",180,S,R
Kris Bryant,LF,Position,"6' 5""",230,R,R
Kris Bubic,P,Pitcher,"6' 3""",220,L,L
Walker Buehler,P,Pitcher,"6' 2""",180,R,R
Madison Bumgarner,P,Pitcher,"6' 4""",260,R,L
Aaron Bummer,P,Pitcher,"6' 3""",220,L,L
Dylan Bundy,P,Pitcher,"6' 1""",220,S,R
Peyton Burdick,RF,Position,"6' 0""",200,R,R
Jake Burger,3B,Position,"6' 2""",230,R,R
Brock Burke,P,Pitcher,"6' 4""",210,L,L
Alec Burleson,RF,Position,"6' 2""",210,L,L
Corbin Burnes,P,Pitcher,"6' 3""",220,R,R
Ryan Burr,P,Pitcher,"6' 4""",220,R,R
Matt Bush,P,Pitcher,"5' 9""",180,R,R
Jose Butto,P,Pitcher,"6' 1""",200,R,R
Byron Buxton,CF,Position,"6' 2""",190,R,R
Edward Cabrera,P,Pitcher,"6' 5""",220,R,R
Genesis Cabrera,P,Pitcher,"6' 2""",180,L,L
Miguel Cabrera,DH,Position,"6' 4""",270,R,R
Oswaldo Cabrera,RF,Position,"6' 0""",200,S,R
Lorenzo Cain,CF,Position,"6' 2""",210,R,R
Kole Calhoun,RF,Position,"5' 10""",200,L,L
Willie Calhoun,OF,Position,"5' 8""",200,L,R
Alex Call,LF,Position,"5' 11""",190,R,R
Johan Camargo,SS,Position,"6' 0""",200,S,R
Daz Cameron,RF,Position,"6' 2""",180,R,R
Luis Campusano,DH,Position,"5' 11""",230,R,R
Jeimer Candelario,3B,Position,"6' 1""",220,S,R
Mark Canha,LF,Position,"6' 2""",210,R,R
Robinson Cano,2B,Position,"6' 0""",210,L,R
Yennier Cano,P,Pitcher,"6' 4""",180,R,R
Conner Capel,RF,Position,"6' 1""",180,L,L
Vinny Capra,DH,Position,"5' 8""",180,R,R
Victor Caratini,C,Position,"6' 1""",220,S,R
Dylan Carlson,CF,Position,"6' 2""",200,S,L
Drew Carlton,P,Pitcher,"6' 1""",220,R,R
Kerry Carpenter,DH,Position,"6' 2""",220,L,R
Matt Carpenter,DH,Position,"6' 4""",210,L,R
Carlos Carrasco,P,Pitcher,"6' 4""",220,R,R
Corbin Carroll,LF,Position,"5' 10""",160,L,L
Curt Casali,C,Position,"6' 2""",220,R,R
Triston Casas,1B,Position,"6' 4""",250,L,R
Daniel Castano,P,Pitcher,"6' 3""",230,L,L
Ryan Castellani,P,Pitcher,"6' 4""",220,R,R
Humberto Castellanos,P,Pitcher,"5' 11""",220,R,R
Nick Castellanos,RF,Position,"6' 4""",200,R,R
Diego Castillo,SS,Position,"5' 11""",180,R,R
Diego Castillo,P,Pitcher,"6' 3""",270,R,R
Jose Castillo,P,Pitcher,"6' 6""",250,L,L
Luis Castillo,P,Pitcher,"6' 3""",210,R,R
Luis Castillo,P,Pitcher,"6' 2""",200,R,R
Max Castillo,P,Pitcher,"6' 2""",280,R,R
Anthony Castro,P,Pitcher,"6' 2""",180,R,R
Harold Castro,1B,Position,"5' 10""",200,L,R
Jason Castro,C,Position,"6' 3""",220,L,R
Kervin Castro,P,Pitcher,"6' 0""",180,R,R
Miguel Castro,P,Pitcher,"6' 7""",200,R,R
Rodolfo Castro,SS,Position,"6' 0""",200,S,R
Willi Castro,RF,Position,"6' 1""",210,S,R
Cade Cavalli,P,Pitcher,"6' 4""",240,R,R
Jake Cave,LF,Position,"6' 0""",200,L,L
Dylan Cease,P,Pitcher,"6' 2""",200,R,R
Gilberto Celestino,CF,Position,"6' 0""",170,R,L
Luis Cessa,P,Pitcher,"6' 0""",210,R,R
Jhoulys Chacin,P,Pitcher,"6' 3""",220,R,R
Andrew Chafin,P,Pitcher,"6' 2""",240,R,L
Yu Chang,2B,Position,"6' 1""",180,R,R
Aroldis Chapman,P,Pitcher,"6' 4""",220,L,L
Matt Chapman,3B,Position,"6' 0""",220,R,R
JT Chargois,P,Pitcher,"6' 3""",200,S,R
Jesse Chavez,P,Pitcher,"6' 1""",180,R,R
Michael Chavis,1B,Position,"5' 10""",190,R,R
Robinson Chirinos,C,Position,"6' 1""",220,R,R
Yonny Chirinos,P,Pitcher,"6' 2""",220,R,R
Jazz Chisholm Jr.,2B,Position,"5' 11""",180,L,R
Ji-Man Choi,1B,Position,"6' 1""",260,L,R
Adam Cimber,P,Pitcher,"6' 3""",200,R,R
Steve Cishek,P,Pitcher,"6' 6""",220,R,R
Jose Cisnero,P,Pitcher,"6' 3""",260,R,R
Aaron Civale,P,Pitcher,"6' 2""",220,R,R
Taylor Clarke,P,Pitcher,"6' 4""",220,R,R
Emmanuel Clase,P,Pitcher,"6' 2""",210,R,R
Alex Claudio,P,Pitcher,"6' 3""",190,L,L
Sam Clay,P,Pitcher,"6' 3""",240,L,L
Garrett Cleavinger,P,Pitcher,"6' 1""",220,R,L
Kody Clemens,1B,Position,"6' 1""",200,L,R
Ernie Clement,3B,Position,"6' 0""",170,R,R
Mike Clevinger,P,Pitcher,"6' 4""",220,R,R
Tyler Clippard,P,Pitcher,"6' 3""",200,R,R
Alex Cobb,P,Pitcher,"6' 3""",200,R,R
Gerrit Cole,P,Pitcher,"6' 4""",220,R,R
Dylan Coleman,P,Pitcher,"6' 5""",230,R,R
Zack Collins,C,Position,"6' 3""",220,L,R
Alex Colome,P,Pitcher,"6' 1""",220,R,R
Mark Contreras,LF,Position,"6' 0""",200,L,R
Roansy Contreras,P,Pitcher,"6' 0""",180,R,R
William Contreras,C,Position,"6' 0""",180,R,R
Willson Contreras,C,Position,"6' 1""",220,R,R
Sam Coonrod,P,Pitcher,"6' 1""",220,R,R
Garrett Cooper,1B,Position,"6' 5""",240,R,R
Patrick Corbin,P,Pitcher,"6' 4""",220,L,L
Franchy Cordero,1B,Position,"6' 3""",230,L,R
Carlos Correa,SS,Position,"6' 4""",220,R,R
Nestor Cortes,P,Pitcher,"5' 11""",210,R,L
Jharel Cotton,P,Pitcher,"5' 11""",200,R,R
Danny Coulombe,P,Pitcher,"5' 10""",190,L,L
Jake Cousins,P,Pitcher,"6' 4""",180,R,R
Brandon Crawford,SS,Position,"6' 1""",220,L,R
J.P. Crawford,SS,Position,"6' 2""",200,L,R
Kutter Crawford,P,Pitcher,"6' 1""",210,R,R
Kyle Crick,P,Pitcher,"6' 4""",220,L,R
Nabil Crismatt,P,Pitcher,"6' 1""",220,R,R
Cooper Criswell,P,Pitcher,"6' 6""",200,R,R
C.J. Cron,1B,Position,"6' 4""",240,R,R
Jake Cronenworth,2B,Position,"6' 0""",190,L,R
Narciso Crook,RF,Position,"6' 3""",220,R,R
Wil Crowe,P,Pitcher,"6' 2""",240,R,R
Fernando Cruz,P,Pitcher,"6' 2""",200,R,R
Jesus Cruz,P,Pitcher,"6' 1""",230,R,R
Nelson Cruz,DH,Position,"6' 2""",230,R,R
Oneil Cruz,SS,Position,"6' 7""",220,L,R
Jose Cuas,P,Pitcher,"6' 3""",200,R,R
Johnny Cueto,P,Pitcher,"5' 11""",230,R,R
Charlie Culberson,3B,Position,"6' 1""",200,R,R
Xzavion Curry,P,Pitcher,"6' 0""",200,R,R
Tyler Cyr,P,Pitcher,"6' 1""",200,R,R
Bobby Dalbec,1B,Position,"6' 4""",230,R,R
Tyler Danish,P,Pitcher,"6' 0""",200,R,R
Yu Darvish,P,Pitcher,"6' 5""",220,R,R
Tucker Davidson,P,Pitcher,"6' 2""",220,L,L
Matt Davidson,3B,Position,"6' 3""",230,R,R
Zach Davies,P,Pitcher,"6' 0""",180,R,R
Austin Davis,P,Pitcher,"6' 4""",240,L,L
Jaylin Davis,RF,Position,"5' 11""",200,R,R
J.D. Davis,3B,Position,"6' 3""",220,R,R
Jonathan Davis,CF,Position,"5' 8""",190,R,R
Ronnie Dawson,DH,Position,"6' 2""",220,L,R
Yonathan Daza,CF,Position,"6' 2""",210,R,R
Angel De Jesus,P,Pitcher,"6' 4""",200,R,R
Chase De Jong,P,Pitcher,"6' 4""",230,L,R
Bryan De La Cruz,RF,Position,"6' 2""",180,R,R
Enyel De Los Santos,P,Pitcher,"6' 3""",240,R,R
Yerry De Los Santos,P,Pitcher,"6' 2""",220,R,R
Paul DeJong,SS,Position,"6' 0""",200,R,R
Ben DeLuzio,CF,Position,"6' 3""",200,R,R
Anthony DeSclafani,P,Pitcher,"6' 2""",200,R,R
Austin Dean,LF,Position,"6' 0""",220,R,R
Jason Delay,C,Position,"5' 11""",200,R,R
Travis Demeritte,RF,Position,"6' 0""",180,R,R
Matt Dermody,P,Pitcher,"6' 5""",190,R,L
Reid Detmers,P,Pitcher,"6' 2""",210,L,L
Ross Detwiler,P,Pitcher,"6' 5""",210,R,L
Chris Devenski,P,Pitcher,"6' 3""",210,R,R
Rafael Devers,3B,Position,"6' 0""",240,L,R
Aledmys Diaz,LF,Position,"6' 1""",200,R,R
Alexis Diaz,P,Pitcher,"6' 2""",220,R,R
Edwin Diaz,P,Pitcher,"6' 3""",160,R,R
Elias Diaz,C,Position,"6' 1""",220,R,R
Jhonathan Diaz,P,Pitcher,"6' 0""",170,L,L
Jordan Diaz,3B,Position,"5' 10""",180,R,R
Lewin Diaz,1B,Position,"6' 4""",220,L,L
Yainer Diaz,C,Position,"6' 0""",200,R,R
Yandy Diaz,3B,Position,"6' 2""",220,R,R
Yusniel Diaz,RF,Position,"6' 1""",220,R,R
Alex Dickerson,LF,Position,"6' 2""",230,L,L
Corey Dickerson,LF,Position,"6' 1""",200,L,R
Phillip Diehl,P,Pitcher,"6' 2""",170,L,L
Jake Diekman,P,Pitcher,"6' 4""",200,R,L
Wilmer Difo,SS,Position,"5' 11""",200,S,R
Marcos Diplan,P,Pitcher,"6' 0""",200,R,R
Seranthony Dominguez,P,Pitcher,"6' 1""",220,R,R
Josh Donaldson,3B,Position,"6' 1""",210,R,R
Brendan Donovan,3B,Position,"6' 1""",200,L,R
Sean Doolittle,P,Pitcher,"6' 2""",230,L,L
Camilo Doval,P,Pitcher,"6' 2""",180,R,R
Kyle Dowdy,P,Pitcher,"6' 1""",200,R,R
Jeter Downs,2B,Position,"5' 11""",200,R,R
Hunter Dozier,1B,Position,"6' 4""",220,R,R
Brandon Drury,1B,Position,"6' 2""",230,R,R
Daniel Duarte,P,Pitcher,"6' 0""",170,R,R
Mauricio Dubon,CF,Position,"6' 0""",170,R,R
Tyler Duffey,P,Pitcher,"6' 3""",220,R,R
Matt Duffy,3B,Position,"6' 2""",190,R,R
Steven Duggar,CF,Position,"6' 1""",190,L,R
Robert Dugger,P,Pitcher,"6' 0""",200,R,R
Joe Dunand,3B,Position,"6' 2""",200,R,R
Justin Dunn,P,Pitcher,"6' 2""",180,R,R
Dane Dunning,P,Pitcher,"6' 4""",220,R,R
Ezequiel Duran,3B,Position,"5' 11""",180,R,R
Jarren Duran,CF,Position,"6' 2""",210,L,R
Jhoan Duran,P,Pitcher,"6' 5""",230,R,R
Nick Duron,P,Pitcher,"6' 4""",190,R,R
Adam Duvall,CF,Position,"6' 1""",220,R,R
Nate Eaton,RF,Position,"5' 11""",180,R,R
Tommy Edman,2B,Position,"5' 10""",180,S,R
Carl Edwards Jr.,P,Pitcher,"6' 3""",170,R,R
Scott Effross,P,Pitcher,"6' 2""",200,R,R
Zach Eflin,P,Pitcher,"6' 6""",220,R,R
Jerad Eickhoff,P,Pitcher,"6' 4""",250,R,R
Bryce Elder,P,Pitcher,"6' 2""",220,R,R
Roenis Elias,P,Pitcher,"6' 1""",200,L,L
Chris Ellis,P,Pitcher,"6' 5""",200,L,R
Drew Ellis,3B,Position,"6' 3""",200,R,R
Jerar Encarnacion,RF,Position,"6' 4""",250,R,R
Adam Engel,RF,Position,"6' 2""",220,R,R
Nathan Eovaldi,P,Pitcher,"6' 2""",220,R,R
Robbie Erlin,P,Pitcher,"5' 11""",200,R,L
Alcides Escobar,SS,Position,"6' 1""",200,R,R
Eduardo Escobar,3B,Position,"5' 10""",190,S,R
Raynel Espinal,P,Pitcher,"6' 3""",220,R,R
Santiago Espinal,2B,Position,"5' 10""",190,R,R
Paolo Espino,P,Pitcher,"5' 10""",210,R,R
Anderson Espinoza,P,Pitcher,"6' 0""",190,R,R
Carlos Estevez,P,Pitcher,"6' 6""",280,R,R
Jeremiah Estrada,P,Pitcher,"6' 1""",180,S,R
Thairo Estrada,2B,Position,"5' 10""",180,R,R
Alex Faedo,P,Pitcher,"6' 5""",220,R,R
Pete Fairbanks,P,Pitcher,"6' 6""",220,R,R
Stuart Fairchild,LF,Position,"6' 0""",200,R,R
Bailey Falter,P,Pitcher,"6' 4""",180,R,L
Jeurys Familia,P,Pitcher,"6' 3""",240,R,R
Buck Farmer,P,Pitcher,"6' 4""",230,L,R
Kyle Farmer,SS,Position,"6' 0""",200,R,R
Luke Farrell,P,Pitcher,"6' 6""",200,L,R
Calvin Faucher,P,Pitcher,"6' 1""",190,R,R
Erick Fedde,P,Pitcher,"6' 4""",200,R,R
Mario Feliciano,C,Position,"6' 1""",200,R,R
Michael Feliz,P,Pitcher,"6' 4""",250,R,R
Ryan Feltner,P,Pitcher,"6' 4""",190,R,R
Caleb Ferguson,P,Pitcher,"6' 3""",230,R,L
Freddy Fermin,C,Position,"5' 10""",200,R,R
Junior Fernandez,P,Pitcher,"6' 3""",220,R,R
Matthew Festa,P,Pitcher,"6' 1""",200,R,R
J.P. Feyereisen,P,Pitcher,"6' 2""",220,R,R
Kyle Finnegan,P,Pitcher,"6' 2""",200,R,R
Nate Fisher,P,Pitcher,"6' 1""",200,L,L
Jake Fishman,P,Pitcher,"6' 3""",200,L,L
Jack Flaherty,P,Pitcher,"6' 4""",220,R,R
Josh Fleming,P,Pitcher,"6' 2""",220,L,L
Aaron Fletcher,P,Pitcher,"6' 0""",220,L,L
David Fletcher,2B,Position,"5' 9""",180,R,R
Chris Flexen,P,Pitcher,"6' 3""",220,R,R
Wilmer Flores,2B,Position,"6' 2""",210,R,R
Estevan Florial,CF,Position,"6' 1""",200,L,R
Dylan Floro,P,Pitcher,"6' 2""",200,L,R
Jason Foley,P,Pitcher,"6' 4""",220,R,R
Mike Ford,1B,Position,"6' 0""",220,L,R
Nick Fortes,C,Position,"5' 11""",200,R,R
Matt Foster,P,Pitcher,"6' 0""",220,R,R
Lucius Fox,SS,Position,"6' 1""",190,S,R
Jake Fraley,LF,Position,"6' 0""",200,L,L
Ty France,1B,Position,"5' 11""",220,R,R
Bowden Francis,P,Pitcher,"6' 5""",220,R,R
Maikel Franco,3B,Position,"6' 1""",220,R,R
Wander Franco,SS,Position,"5' 10""",190,S,R
Adam Frazier,2B,Position,"5' 10""",180,L,R
Jackson Frazier,LF,Position,"5' 11""",210,R,R
Kyle Freeland,P,Pitcher,"6' 4""",200,L,L
Freddie Freeman,1B,Position,"6' 5""",220,L,R
Tyler Freeman,3B,Position,"6' 0""",190,R,R
Luis Frias,P,Pitcher,"6' 3""",240,R,R
Max Fried,P,Pitcher,"6' 4""",190,L,L
TJ Friedl,CF,Position,"5' 10""",180,L,L
Paul Fry,P,Pitcher,"6' 0""",200,L,L
Michael Fulmer,P,Pitcher,"6' 3""",220,R,R
Hunter Gaddis,P,Pitcher,"6' 6""",260,R,R
Matt Gage,P,Pitcher,"6' 3""",260,L,L
Cam Gallagher,C,Position,"6' 3""",230,R,R
Giovanny Gallegos,P,Pitcher,"6' 2""",220,R,R
Zac Gallen,P,Pitcher,"6' 2""",190,R,R
Joey Gallo,LF,Position,"6' 5""",250,L,R
Ben Gamel,LF,Position,"5' 11""",180,L,L
Aramis Garcia,C,Position,"6' 1""",230,R,R
Avisail Garcia,RF,Position,"6' 4""",250,R,R
Bryan Garcia,P,Pitcher,"6' 1""",200,R,R
Dermis Garcia,1B,Position,"6' 3""",200,R,R
Jarlin Garcia,P,Pitcher,"6' 3""",220,L,L
Adolis Garcia,RF,Position,"6' 1""",200,R,R
Rico Garcia,P,Pitcher,"5' 9""",200,R,R
Leury Garcia,2B,Position,"5' 8""",190,S,R
Luis Garcia,SS,Position,"6' 2""",210,L,R
Luis Garcia,P,Pitcher,"6' 2""",240,R,R
Luis Garcia,P,Pitcher,"6' 1""",240,R,R
Maikel Garcia,SS,Position,"6' 0""",140,R,R
Rony Garcia,P,Pitcher,"6' 3""",200,R,R
Yimi Garcia,P,Pitcher,"6' 1""",230,R,R
Kyle Garlick,LF,Position,"6' 1""",210,R,R
Dustin Garneau,C,Position,"6' 2""",200,R,R
Amir Garrett,P,Pitcher,"6' 5""",240,R,L
Braxton Garrett,P,Pitcher,"6' 2""",200,R,L
Stone Garrett,LF,Position,"6' 2""",200,R,R
Reed Garrett,P,Pitcher,"6' 2""",200,R,R
Mitch Garver,DH,Position,"6' 1""",220,R,R
Ralph Garza Jr.,P,Pitcher,"6' 2""",220,R,R
Kevin Gausman,P,Pitcher,"6' 2""",200,L,R
Domingo German,P,Pitcher,"6' 2""",180,R,R
Franklin German,P,Pitcher,"6' 2""",200,R,R
Ian Gibaut,P,Pitcher,"6' 3""",250,R,R
Kyle Gibson,P,Pitcher,"6' 6""",220,R,R
Luis Gil,P,Pitcher,"6' 2""",180,R,R
Logan Gilbert,P,Pitcher,"6' 6""",220,R,R
Tyler Gilbert,P,Pitcher,"6' 3""",220,L,L
Lucas Gilbreath,P,Pitcher,"6' 1""",180,L,L
Ken Giles,P,Pitcher,"6' 3""",200,R,R
Logan Gillaspie,P,Pitcher,"6' 2""",220,R,R
Andres Gimenez,2B,Position,"5' 11""",160,L,R
Kevin Ginkel,P,Pitcher,"6' 4""",240,L,R
Lucas Giolito,P,Pitcher,"6' 6""",240,R,R
Mychal Givens,P,Pitcher,"6' 0""",230,R,R
Jose Godoy,C,Position,"5' 11""",200,L,R
Paul Goldschmidt,1B,Position,"6' 3""",220,R,R
Austin Gomber,P,Pitcher,"6' 5""",220,L,L
Yan Gomes,C,Position,"6' 2""",210,R,R
Tony Gonsolin,P,Pitcher,"6' 3""",200,R,R
Marco Gonzales,P,Pitcher,"6' 1""",200,L,L
Chi Chi Gonzalez,P,Pitcher,"6' 3""",210,R,R
Erik Gonzalez,3B,Position,"6' 3""",200,R,R
Luis Gonzalez,RF,Position,"6' 1""",180,L,L
Marwin Gonzalez,SS,Position,"6' 1""",200,S,R
Oscar Gonzalez,RF,Position,"6' 4""",240,R,R
Romy Gonzalez,2B,Position,"6' 1""",220,R,R
Niko Goodrum,2B,Position,"6' 3""",220,S,R
Nick Gordon,LF,Position,"6' 0""",160,L,R
MacKenzie Gore,P,Pitcher,"6' 2""",200,L,L
Terrance Gore,DH,Position,"5' 7""",160,R,R
Nolan Gorman,2B,Position,"6' 1""",210,L,R
Anthony Gose,P,Pitcher,"6' 0""",200,L,L
Phil Gosselin,2B,Position,"6' 1""",190,R,R
Trevor Gott,P,Pitcher,"5' 10""",180,R,R
Ashton Goudeau,P,Pitcher,"6' 6""",220,R,R
Yasmani Grandal,C,Position,"6' 2""",220,S,R
Brusdar Graterol,P,Pitcher,"6' 1""",260,R,R
Kendall Graveman,P,Pitcher,"6' 2""",200,R,R
Jon Gray,P,Pitcher,"6' 4""",220,R,R
Josiah Gray,P,Pitcher,"6' 1""",200,R,R
Sonny Gray,P,Pitcher,"5' 10""",200,R,R
Chad Green,P,Pitcher,"6' 3""",220,L,R
Hunter Greene,P,Pitcher,"6' 5""",230,R,R
Riley Greene,CF,Position,"6' 3""",200,L,L
Shane Greene,P,Pitcher,"6' 4""",200,R,R
Didi Gregorius,SS,Position,"6' 3""",200,L,R
Grayson Greiner,C,Position,"6' 6""",240,R,R
Zack Greinke,P,Pitcher,"6' 2""",200,R,R
Randal Grichuk,RF,Position,"6' 2""",220,R,R
Foster Griffin,P,Pitcher,"6' 3""",220,R,L
Justin Grimm,P,Pitcher,"6' 3""",210,R,R
Trent Grisham,CF,Position,"5' 11""",220,L,L
Vaughn Grissom,2B,Position,"6' 3""",210,R,R
Jordan Groshans,SS,Position,"6' 3""",200,R,R
Robbie Grossman,LF,Position,"6' 0""",210,S,L
Michael Grove,P,Pitcher,"6' 3""",200,R,R
Robert Gsellman,P,Pitcher,"6' 4""",200,R,R
Javy Guerra,P,Pitcher,"6' 0""",180,L,R
Vladimir Guerrero,1B,Position,"6' 2""",240,R,R
Luis Guillorme,2B,Position,"5' 10""",190,L,R
Lourdes Gurriel Jr.,LF,Position,"6' 4""",220,R,R
Yuli Gurriel,1B,Position,"6' 0""",220,R,R
Jandel Gustave,P,Pitcher,"6' 3""",220,R,R
Dalton Guthrie,3B,Position,"5' 11""",160,R,R
Kelvin Gutierrez,3B,Position,"6' 2""",220,R,R
Vladimir Gutierrez,P,Pitcher,"6' 1""",190,R,R
Ronald Guzman,1B,Position,"6' 5""",240,L,L
Eric Haase,C,Position,"5' 10""",210,R,R
Josh Hader,P,Pitcher,"6' 3""",180,L,L
Jake Hager,2B,Position,"6' 1""",170,R,R
Sam Haggerty,RF,Position,"5' 11""",180,S,R
Darick Hall,DH,Position,"6' 4""",230,L,R
DL Hall,P,Pitcher,"6' 2""",200,L,L
Billy Hamilton,DH,Position,"6' 0""",160,R,R
Caleb Hamilton,C,Position,"6' 0""",180,R,R
Ian Hamilton,P,Pitcher,"6' 1""",200,R,R
Garrett Hampson,SS,Position,"5' 11""",200,R,R
Brad Hand,P,Pitcher,"6' 3""",220,L,L
Mitch Haniger,RF,Position,"6' 2""",210,R,R
Ian Happ,LF,Position,"6' 0""",200,S,R
Bryce Harper,DH,Position,"6' 3""",210,L,R
Michael Harris II,CF,Position,"6' 0""",200,L,L
Josh Harrison,2B,Position,"5' 8""",190,R,R
Monte Harrison,OF,Position,"6' 3""",220,R,R
Hunter Harvey,P,Pitcher,"6' 2""",220,R,R
Adam Haseley,RF,Position,"6' 1""",190,L,L
Thomas Hatch,P,Pitcher,"6' 1""",200,R,R
Ke'Bryan Hayes,3B,Position,"5' 10""",200,R,R
Austin Hays,LF,Position,"6' 0""",200,R,R
Louis Head,P,Pitcher,"6' 1""",180,R,R
Andrew Heaney,P,Pitcher,"6' 2""",200,L,L
Taylor Hearn,P,Pitcher,"6' 6""",230,L,L
Jonathan Heasley,P,Pitcher,"6' 3""",220,R,R
Austin Hedges,C,Position,"6' 1""",220,R,R
Jonah Heim,C,Position,"6' 4""",220,S,R
Tyler Heineman,C,Position,"5' 10""",190,S,R
Ryan Helsley,P,Pitcher,"6' 2""",230,R,R
Heath Hembree,P,Pitcher,"6' 4""",220,R,R
Gunnar Henderson,2B,Position,"6' 2""",210,L,R
Kyle Hendricks,P,Pitcher,"6' 3""",190,R,R
Liam Hendriks,P,Pitcher,"6' 0""",240,R,R
Ryan Hendrix,P,Pitcher,"6' 3""",220,R,R
Ronny Henriquez,P,Pitcher,"5' 10""",160,R,R
Payton Henry,C,Position,"6' 2""",220,R,R
Tommy Henry,P,Pitcher,"6' 3""",200,L,L
David Hensley,DH,Position,"6' 6""",190,R,R
Sam Hentges,P,Pitcher,"6' 6""",240,L,L
Guillermo Heredia,LF,Position,"5' 10""",200,R,L
Jimmy Herget,P,Pitcher,"6' 3""",170,R,R
Kevin Herget,P,Pitcher,"5' 10""",180,L,R
Michael Hermosillo,CF,Position,"6' 0""",200,R,R
Carlos Hernandez,P,Pitcher,"6' 4""",240,R,R
Cesar Hernandez,2B,Position,"5' 10""",180,S,R
Darwinzon Hernandez,P,Pitcher,"6' 2""",260,L,L
Elier Hernandez,OF,Position,"6' 3""",200,R,R
Elieser Hernandez,P,Pitcher,"6' 0""",210,R,R
Enrique Hernandez,CF,Position,"5' 11""",190,R,R
Jonathan Hernandez,P,Pitcher,"6' 3""",190,R,R
Teoscar Hernandez,RF,Position,"6' 2""",220,R,R
Yadiel Hernandez,LF,Position,"5' 10""",200,L,R
Yonny Hernandez,3B,Position,"5' 9""",140,S,R
Ivan Herrera,C,Position,"5' 11""",220,R,R
Jose Herrera,C,Position,"5' 10""",220,S,R
Odubel Herrera,CF,Position,"5' 11""",200,L,R
Jason Heyward,CF,Position,"6' 5""",240,L,L
Brewer Hicklen,LF,Position,"6' 2""",210,R,R
Aaron Hicks,CF,Position,"6' 1""",200,S,R
Jordan Hicks,P,Pitcher,"6' 2""",220,R,R
Kyle Higashioka,C,Position,"6' 1""",200,R,R
P.J. Higgins,1B,Position,"5' 10""",200,R,R
Derek Hill,CF,Position,"6' 2""",190,R,R
Garrett Hill,P,Pitcher,"6' 0""",180,R,R
Rich Hill,P,Pitcher,"6' 5""",220,L,L
Tim Hill,P,Pitcher,"6' 4""",200,R,L
Sam Hilliard,LF,Position,"6' 5""",240,L,L
Keston Hiura,1B,Position,"6' 0""",200,R,R
Sean Hjelle,P,Pitcher,"6' 11""",230,R,R
Bryan Hoeing,P,Pitcher,"6' 6""",210,R,R
Nico Hoerner,SS,Position,"6' 1""",200,R,R
Jeff Hoffman,P,Pitcher,"6' 5""",240,R,R
Colin Holderman,P,Pitcher,"6' 7""",240,R,R
Greg Holland,P,Pitcher,"5' 10""",210,R,R
Jordan Holloway,P,Pitcher,"6' 6""",230,R,R
Gavin Hollowell,P,Pitcher,"6' 7""",220,R,R
Clay Holmes,P,Pitcher,"6' 5""",240,R,R
Tyler Holton,P,Pitcher,"6' 2""",200,L,L
Rhys Hoskins,1B,Position,"6' 4""",240,R,R
Eric Hosmer,1B,Position,"6' 4""",230,L,L
Tanner Houck,P,Pitcher,"6' 5""",230,R,R
Adrian Houser,P,Pitcher,"6' 3""",220,R,R
Sam Howard,P,Pitcher,"6' 4""",200,R,L
Spencer Howard,P,Pitcher,"6' 3""",210,R,R
Dakota Hudson,P,Pitcher,"6' 5""",220,R,R
Daniel Hudson,P,Pitcher,"6' 3""",220,R,R
Sam Huff,C,Position,"6' 5""",240,R,R
Brandon Hughes,P,Pitcher,"6' 2""",220,S,L
Cooper Hummel,LF,Position,"5' 10""",200,S,R
Tommy Hunter,P,Pitcher,"6' 3""",250,R,R
Drew Hutchison,P,Pitcher,"6' 3""",220,L,R
Andy Ibanez,3B,Position,"5' 11""",200,R,R
Jose Iglesias,SS,Position,"5' 11""",200,R,R
Raisel Iglesias,P,Pitcher,"6' 2""",190,R,R
Ender Inciarte,OF,Position,"5' 11""",190,L,L
Jonathan India,2B,Position,"6' 0""",200,R,R
Cole Irvin,P,Pitcher,"6' 4""",220,L,L
Kyle Isbel,RF,Position,"5' 11""",190,L,R
Alex Jackson,C,Position,"6' 2""",220,R,R
Andre Jackson,P,Pitcher,"6' 3""",210,R,R
Drew Jackson,2B,Position,"6' 2""",200,R,R
Jay Jackson,P,Pitcher,"6' 1""",200,R,R
Zach Jackson,P,Pitcher,"6' 4""",230,R,R
Drey Jameson,P,Pitcher,"6' 0""",160,R,R
Travis Jankowski,LF,Position,"6' 2""",190,L,R
Danny Jansen,C,Position,"6' 2""",220,R,R
Kenley Jansen,P,Pitcher,"6' 5""",260,S,R
Cristian Javier,P,Pitcher,"6' 1""",210,R,R
Griffin Jax,P,Pitcher,"6' 2""",200,R,R
Daulton Jefferies,P,Pitcher,"6' 0""",180,L,R
Ryan Jeffers,C,Position,"6' 4""",240,R,R
Dany Jimenez,P,Pitcher,"6' 1""",180,R,R
Eloy Jimenez,LF,Position,"6' 4""",240,R,R
Joe Jimenez,P,Pitcher,"6' 3""",280,R,R
Connor Joe,LF,Position,"6' 0""",200,R,R
Bryce Johnson,CF,Position,"6' 1""",200,S,R
Pierce Johnson,P,Pitcher,"6' 2""",200,R,R
Damon Jones,P,Pitcher,"6' 5""",230,L,L
Nolan Jones,RF,Position,"6' 4""",200,L,R
Taylor Jones,1B,Position,"6' 7""",230,R,R
Aaron Judge,CF,Position,"6' 7""",280,R,R
Josh Jung,3B,Position,"6' 2""",210,R,R
Jakob Junis,P,Pitcher,"6' 3""",220,R,R
Janson Junk,P,Pitcher,"6' 1""",180,R,R
Tommy Kahnle,P,Pitcher,"6' 1""",230,R,R
James Kaprielian,P,Pitcher,"6' 3""",220,R,R
James Karinchak,P,Pitcher,"6' 3""",220,R,R
Gosuke Katoh,2B,Position,"6' 1""",200,L,R
Anthony Kay,P,Pitcher,"6' 0""",220,L,L
Jarred Kelenic,LF,Position,"6' 1""",210,L,L
Brad Keller,P,Pitcher,"6' 5""",260,R,R
Mitch Keller,P,Pitcher,"6' 2""",220,R,R
Trevor Kelley,P,Pitcher,"6' 2""",210,R,R
Carson Kelly,C,Position,"6' 2""",210,R,R
Joe Kelly,P,Pitcher,"6' 1""",170,R,R
Merrill Kelly,P,Pitcher,"6' 2""",200,R,R
Michael Kelly,P,Pitcher,"6' 4""",180,R,R
Zack Kelly,P,Pitcher,"6' 3""",200,R,R
Tony Kemp,2B,Position,"5' 6""",160,L,R
Buddy Kennedy,2B,Position,"6' 1""",190,R,R
Ian Kennedy,P,Pitcher,"6' 0""",210,R,R
Max Kepler,RF,Position,"6' 4""",220,L,L
Ray Kerr,P,Pitcher,"6' 3""",180,L,L
Clayton Kershaw,P,Pitcher,"6' 4""",220,L,L
Dallas Keuchel,P,Pitcher,"6' 2""",200,L,L
Kevin Kiermaier,CF,Position,"6' 1""",210,L,R
Yusei Kikuchi,P,Pitcher,"6' 0""",200,L,L
Caleb Kilian,P,Pitcher,"6' 4""",180,R,R
Ha-Seong Kim,SS,Position,"5' 9""",170,R,R
Craig Kimbrel,P,Pitcher,"6' 0""",220,R,R
Isiah Kiner-Falefa,SS,Position,"5' 11""",190,R,R
John King,P,Pitcher,"6' 2""",220,L,L
Michael King,P,Pitcher,"6' 3""",210,R,R
Scott Kingery,OF,Position,"5' 10""",180,R,R
Tyler Kinley,P,Pitcher,"6' 4""",220,R,R
George Kirby,P,Pitcher,"6' 4""",220,R,R
Alex Kirilloff,LF,Position,"6' 2""",200,L,L
Alejandro Kirk,C,Position,"5' 8""",240,R,R
Andrew Kittredge,P,Pitcher,"6' 1""",230,R,R
Corey Kluber,P,Pitcher,"6' 4""",220,R,R
Andrew Knapp,C,Position,"6' 1""",190,S,R
Corey Knebel,P,Pitcher,"6' 3""",220,R,R
Reiss Knehr,P,Pitcher,"6' 2""",200,L,R
Dusten Knight,P,Pitcher,"6' 0""",200,R,R
Andrew Knizner,C,Position,"6' 1""",220,R,R
Matt Koch,P,Pitcher,"6' 3""",220,L,R
Jared Koenig,P,Pitcher,"6' 5""",240,R,L
Adam Kolarek,P,Pitcher,"6' 3""",220,L,L
Mark Kolozsvary,C,Position,"5' 8""",180,R,R
Michael Kopech,P,Pitcher,"6' 3""",210,R,R
Jackson Kowar,P,Pitcher,"6' 5""",200,R,R
Max Kranick,P,Pitcher,"6' 3""",220,R,R
Joey Krehbiel,P,Pitcher,"6' 3""",240,R,R
Ryan Kreidler,3B,Position,"6' 4""",210,R,R
Dean Kremer,P,Pitcher,"6' 2""",200,R,R
Jason Krizan,2B,Position,"6' 0""",180,L,R
Chad Kuhl,P,Pitcher,"6' 3""",200,R,R
Joel Kuhnel,P,Pitcher,"6' 4""",280,R,R
Steven Kwan,LF,Position,"5' 9""",170,L,L
Tommy La Stella,DH,Position,"5' 11""",180,L,R
A.J. Ladwig,P,Pitcher,"6' 5""",220,R,R
Juan Lagares,RF,Position,"6' 2""",220,R,R
Travis Lakins Sr.,P,Pitcher,"6' 1""",220,R,R
Jake Lamb,LF,Position,"6' 3""",220,L,R
Jimmy Lambert,P,Pitcher,"6' 2""",190,R,R
Dinelson Lamet,P,Pitcher,"6' 3""",230,R,R
Alex Lange,P,Pitcher,"6' 3""",200,R,R
Shea Langeliers,DH,Position,"6' 0""",200,R,R
Trevor Larnach,LF,Position,"6' 4""",220,L,R
Jack Larsen,CF,Position,"6' 1""",200,L,L
Eric Lauer,P,Pitcher,"6' 3""",230,R,L
Ramon Laureano,RF,Position,"5' 11""",200,R,R
Bryan Lavastida,C,Position,"6' 0""",200,R,R
Derek Law,P,Pitcher,"6' 3""",220,R,R
Casey Lawrence,P,Pitcher,"6' 0""",170,R,R
Justin Lawrence,P,Pitcher,"6' 3""",210,R,R
DJ LeMahieu,3B,Position,"6' 4""",220,R,R
Charles Leblanc,3B,Position,"6' 3""",200,R,R
Jose Leclerc,P,Pitcher,"6' 0""",200,R,R
Dylan Lee,P,Pitcher,"6' 3""",210,L,L
Evan Lee,P,Pitcher,"6' 1""",210,L,L
Khalil Lee,CF,Position,"5' 10""",170,L,L
Korey Lee,C,Position,"6' 2""",210,R,R
Mark Leiter Jr.,P,Pitcher,"6' 0""",210,R,R
Jacob Lemoine,P,Pitcher,"6' 5""",220,R,R
Sandy Leon,C,Position,"5' 10""",240,S,R
Dominic Leone,P,Pitcher,"5' 10""",220,R,R
Josh Lester,3B,Position,"6' 3""",180,L,R
Kyle Lewis,DH,Position,"6' 4""",220,R,R
Royce Lewis,SS,Position,"6' 2""",200,R,R
Luis Liberato,OF,Position,"6' 1""",180,L,L
Matthew Liberatore,P,Pitcher,"6' 4""",200,L,L
Francisco Lindor,SS,Position,"5' 11""",190,S,R
Zack Littell,P,Pitcher,"6' 4""",220,R,R
Brendon Little,P,Pitcher,"6' 2""",200,L,L
Mauricio Llovera,P,Pitcher,"5' 11""",220,R,R
Jonathan Loaisiga,P,Pitcher,"5' 11""",160,R,R
Tim Locastro,CF,Position,"6' 1""",200,R,R
Nick Lodolo,P,Pitcher,"6' 6""",200,L,L
Zach Logue,P,Pitcher,"6' 0""",160,L,L
Sam Long,P,Pitcher,"6' 1""",180,L,L
Evan Longoria,3B,Position,"6' 1""",210,R,R
Christian Lopes,2B,Position,"6' 0""",210,R,R
Alejo Lopez,2B,Position,"5' 10""",170,S,R
Jorge Lopez,P,Pitcher,"6' 3""",200,R,R
Nicky Lopez,2B,Position,"5' 11""",180,L,R
Otto Lopez,CF,Position,"5' 10""",180,R,R
Pablo Lopez,P,Pitcher,"6' 4""",220,L,R
Reynaldo Lopez,P,Pitcher,"6' 1""",220,R,R
Yoan Lopez,P,Pitcher,"6' 3""",210,R,R
Michael Lorenzen,P,Pitcher,"6' 3""",220,R,R
Aaron Loup,P,Pitcher,"5' 11""",210,L,L
Brandon Lowe,2B,Position,"5' 10""",180,L,R
Nathaniel Lowe,1B,Position,"6' 4""",220,L,R
Josh Lowe,RF,Position,"6' 4""",200,L,R
Jed Lowrie,2B,Position,"6' 0""",180,S,R
Zac Lowther,P,Pitcher,"6' 2""",240,L,L
Lucas Luetge,P,Pitcher,"6' 4""",200,L,L
Seth Lugo,P,Pitcher,"6' 4""",220,R,R
Jordan Luplow,RF,Position,"6' 1""",200,R,R
Gavin Lux,2B,Position,"6' 2""",190,L,R
Jesus Luzardo,P,Pitcher,"6' 0""",220,L,L
Jordan Lyles,P,Pitcher,"6' 5""",230,R,R
Daniel Lynch,P,Pitcher,"6' 6""",200,L,L
Lance Lynn,P,Pitcher,"6' 5""",270,S,R
David MacKinnon,1B,Position,"6' 2""",200,R,R
Andres Machado,P,Pitcher,"6' 0""",240,R,R
Dixon Machado,SS,Position,"6' 1""",190,R,R
Manny Machado,3B,Position,"6' 3""",220,R,R
Vimael Machin,2B,Position,"5' 11""",180,L,R
Nick Madrigal,2B,Position,"5' 8""",180,R,R
Bligh Madris,RF,Position,"6' 0""",210,L,R
Tyler Mahle,P,Pitcher,"6' 3""",210,R,R
Luke Maile,C,Position,"6' 3""",220,R,R
Martin Maldonado,C,Position,"6' 0""",230,R,R
Sean Manaea,P,Pitcher,"6' 5""",240,R,L
Trey Mancini,DH,Position,"6' 3""",230,R,R
Matt Manning,P,Pitcher,"6' 6""",200,R,R
Alek Manoah,P,Pitcher,"6' 6""",280,R,R
Joe Mantiply,P,Pitcher,"6' 4""",220,R,L
Tucupita Marcano,LF,Position,"6' 0""",180,L,R
Manuel Margot,RF,Position,"5' 11""",180,R,R
Ron Marinaccio,P,Pitcher,"6' 2""",200,R,R
Jake Marisnick,LF,Position,"6' 4""",220,R,R
Parker Markel,P,Pitcher,"6' 5""",240,R,R
German Marquez,P,Pitcher,"6' 1""",230,R,R
Deven Marrero,3B,Position,"6' 0""",190,R,R
Brandon Marsh,CF,Position,"6' 4""",220,L,R
Jose Marte,P,Pitcher,"6' 3""",180,R,R
Ketel Marte,2B,Position,"6' 1""",210,S,R
Starling Marte,RF,Position,"6' 1""",200,R,R
Yunior Marte,P,Pitcher,"6' 2""",180,R,R
Brett Martin,P,Pitcher,"6' 4""",200,L,L
Chris Martin,P,Pitcher,"6' 8""",220,R,R
Corbin Martin,P,Pitcher,"6' 2""",220,R,R
Davis Martin,P,Pitcher,"6' 2""",200,L,R
Richie Martin,2B,Position,"6' 0""",190,R,R
Adrian Martinez,P,Pitcher,"6' 2""",220,R,R
J.D. Martinez,DH,Position,"6' 3""",230,R,R
Nick Martinez,P,Pitcher,"6' 1""",200,L,R
Seth Martinez,P,Pitcher,"6' 2""",200,R,R
Michael Massey,2B,Position,"6' 0""",190,L,R
Miles Mastrobuoni,2B,Position,"5' 11""",180,L,R
Jorge Mateo,SS,Position,"6' 0""",180,R,R
Mark Mathias,DH,Position,"6' 0""",200,R,R
J.J. Matijevic,1B,Position,"6' 0""",210,L,R
Nick Maton,LF,Position,"6' 2""",180,L,R
Phil Maton,P,Pitcher,"6' 2""",210,R,R
Steven Matz,P,Pitcher,"6' 2""",200,R,L
Tyler Matzek,P,Pitcher,"6' 3""",230,L,L
Dustin May,P,Pitcher,"6' 6""",180,R,R
Trevor May,P,Pitcher,"6' 5""",240,R,R
Mike Mayers,P,Pitcher,"6' 2""",220,R,R
Jack Mayfield,2B,Position,"5' 11""",190,R,R
Tim Mayza,P,Pitcher,"6' 3""",210,L,L
Nomar Mazara,RF,Position,"6' 4""",220,L,L
Patrick Mazeika,C,Position,"6' 3""",210,L,R
Chris Mazza,P,Pitcher,"6' 4""",190,R,R
James McCann,C,Position,"6' 3""",220,R,R
Jake McCarthy,LF,Position,"6' 2""",220,L,L
Kirk McCarty,P,Pitcher,"5' 8""",180,L,L
Shane McClanahan,P,Pitcher,"6' 1""",200,L,L
Chas McCormick,LF,Position,"6' 0""",210,R,L
Lance McCullers Jr.,P,Pitcher,"6' 1""",200,L,R
Andrew McCutchen,DH,Position,"5' 11""",200,R,R
Mickey McDonald,LF,Position,"6' 2""",180,L,R
T.J. McFarland,P,Pitcher,"6' 3""",200,L,L
Jake McGee,P,Pitcher,"6' 4""",230,L,L
Reese McGuire,C,Position,"6' 0""",220,L,R
Collin McHugh,P,Pitcher,"6' 2""",190,R,R
David McKay,P,Pitcher,"6' 3""",200,R,R
Ryan McKenna,LF,Position,"5' 11""",200,R,R
Triston McKenzie,P,Pitcher,"6' 5""",160,R,R
Billy McKinney,OF,Position,"6' 1""",200,L,L
Zach McKinstry,3B,Position,"6' 0""",180,L,R
Ryan McMahon,3B,Position,"6' 2""",220,L,R
Jeff McNeil,2B,Position,"6' 1""",200,L,R
Austin Meadows,RF,Position,"6' 3""",220,L,L
John Means,P,Pitcher,"6' 3""",240,L,L
Adonis Medina,P,Pitcher,"6' 1""",190,R,R
Trevor Megill,P,Pitcher,"6' 8""",250,L,R
Tylor Megill,P,Pitcher,"6' 7""",230,R,R
Francisco Mejia,C,Position,"5' 8""",190,S,R
J.C. Mejia,P,Pitcher,"6' 5""",240,R,R
Mark Melancon,P,Pitcher,"6' 1""",220,R,R
MJ Melendez,C,Position,"6' 1""",190,L,R
Danny Mendick,SS,Position,"5' 10""",200,R,R
Joey Meneses,1B,Position,"6' 3""",220,R,R
Conner Menez,P,Pitcher,"6' 2""",210,L,L
Daniel Mengden,P,Pitcher,"6' 1""",220,R,R
Oscar Mercado,RF,Position,"6' 2""",200,R,R
Yermin Mercedes,DH,Position,"5' 11""",240,R,R
Whit Merrifield,CF,Position,"6' 1""",200,R,R
Julian Merryweather,P,Pitcher,"6' 4""",220,R,R
Max Meyer,P,Pitcher,"6' 0""",200,L,R
Jake Meyers,CF,Position,"6' 0""",200,R,L
Keynan Middleton,P,Pitcher,"6' 3""",220,R,R
Miles Mikolas,P,Pitcher,"6' 4""",230,R,R
Wade Miley,P,Pitcher,"6' 2""",220,L,L
Brad Miller,LF,Position,"6' 2""",200,L,R
Owen Miller,1B,Position,"6' 0""",180,R,R
Shelby Miller,P,Pitcher,"6' 3""",220,R,R
Tyson Miller,P,Pitcher,"6' 4""",220,R,R
Alec Mills,P,Pitcher,"6' 4""",200,R,R
Wyatt Mills,P,Pitcher,"6' 4""",210,R,R
Hoby Milner,P,Pitcher,"6' 3""",180,L,L
Tommy Milone,P,Pitcher,"6' 0""",220,L,L
Juan Minaya,P,Pitcher,"6' 4""",210,R,R
Mike Minor,P,Pitcher,"6' 4""",210,R,L
A.J. Minter,P,Pitcher,"6' 0""",220,L,L
Jose Miranda,1B,Position,"6' 2""",210,R,R
Anthony Misiewicz,P,Pitcher,"6' 1""",200,R,L
Cal Mitchell,RF,Position,"6' 0""",200,L,L
Garrett Mitchell,CF,Position,"6' 3""",220,L,R
Casey Mize,P,Pitcher,"6' 3""",210,R,R
Yadier Molina,C,Position,"5' 11""",220,R,R
Sam Moll,P,Pitcher,"5' 9""",190,L,L
Yoan Moncada,3B,Position,"6' 2""",220,S,R
Adalberto Mondesi,SS,Position,"6' 1""",200,S,R
Mickey Moniak,CF,Position,"6' 2""",200,L,R
Frankie Montas,P,Pitcher,"6' 2""",260,R,R
Elehuris Montero,1B,Position,"6' 3""",240,R,R
Rafael Montero,P,Pitcher,"6' 0""",190,R,R
Bryce Montes de Oca,P,Pitcher,"6' 7""",260,R,R
Jordan Montgomery,P,Pitcher,"6' 6""",230,L,L
Dylan Moore,RF,Position,"6' 0""",200,R,R
Matt Moore,P,Pitcher,"6' 3""",210,L,L
Francisco Morales,P,Pitcher,"6' 4""",180,R,R
Brian Moran,P,Pitcher,"6' 4""",220,L,L
Colin Moran,1B,Position,"6' 4""",220,L,R
Jovani Moran,P,Pitcher,"6' 1""",170,L,L
Adrian Morejon,P,Pitcher,"5' 11""",220,L,L
Christopher Morel,CF,Position,"5' 11""",140,R,R
Gabriel Moreno,C,Position,"5' 11""",200,R,R
Dauri Moreta,P,Pitcher,"6' 2""",180,R,R
Eli Morgan,P,Pitcher,"5' 10""",190,R,R
Reyes Moronta,P,Pitcher,"5' 10""",260,R,R
Cody Morris,P,Pitcher,"6' 4""",200,R,R
Charlie Morton,P,Pitcher,"6' 5""",220,R,R
Taylor Motter,3B,Position,"6' 1""",200,R,R
Ryan Mountcastle,1B,Position,"6' 4""",230,R,R
Mike Moustakas,DH,Position,"6' 0""",220,L,R
Kyle Muller,P,Pitcher,"6' 7""",250,R,L
Cedric Mullins,CF,Position,"5' 8""",180,L,L
Max Muncy,3B,Position,"6' 0""",220,L,R
Andres Munoz,P,Pitcher,"6' 2""",220,R,R
Yairo Munoz,2B,Position,"5' 11""",200,R,R
Penn Murfee,P,Pitcher,"6' 2""",200,R,R
Patrick Murphy,P,Pitcher,"6' 5""",210,R,R
Sean Murphy,C,Position,"6' 3""",230,R,R
Tom Murphy,C,Position,"6' 1""",210,R,R
Joe Musgrove,P,Pitcher,"6' 5""",230,R,R
Parker Mushinski,P,Pitcher,"6' 0""",220,L,L
Simon Muzziotti,CF,Position,"6' 1""",180,L,L
Wil Myers,RF,Position,"6' 3""",210,R,R
James Naile,P,Pitcher,"6' 4""",180,R,R
Tommy Nance,P,Pitcher,"6' 6""",240,R,R
Tyler Naquin,LF,Position,"6' 2""",200,L,R
Andrew Nardi,P,Pitcher,"6' 3""",220,L,L
Omar Narvaez,C,Position,"5' 11""",220,L,R
Packy Naughton,P,Pitcher,"6' 2""",200,R,L
Josh Naylor,1B,Position,"5' 11""",250,L,L
Nick Neidert,P,Pitcher,"6' 1""",200,R,R
Kyle Nelson,P,Pitcher,"6' 1""",180,L,L
Nick Nelson,P,Pitcher,"6' 1""",200,R,R
Ryne Nelson,P,Pitcher,"6' 3""",180,R,R
Hector Neris,P,Pitcher,"6' 2""",230,R,R
Sheldon Neuse,3B,Position,"6' 0""",230,R,R
Tyler Nevin,3B,Position,"6' 4""",220,R,R
Sean Newcomb,P,Pitcher,"6' 5""",260,L,L
Kevin Newman,2B,Position,"6' 0""",200,R,R
Tomas Nido,C,Position,"6' 0""",210,R,R
Brandon Nimmo,CF,Position,"6' 3""",210,L,R
Vinny Nittoli,P,Pitcher,"6' 1""",210,R,R
Stephen Nogosek,P,Pitcher,"6' 2""",200,R,R
Aaron Nola,P,Pitcher,"6' 2""",200,R,R
Austin Nola,C,Position,"6' 0""",200,R,R
Lars Nootbaar,RF,Position,"6' 3""",210,L,R
Daniel Norris,P,Pitcher,"6' 2""",210,L,L
James Norwood,P,Pitcher,"6' 2""",220,R,R
Dom Nunez,C,Position,"6' 1""",210,L,R
Riley O'Brien,P,Pitcher,"6' 4""",180,R,R
Darren O'Day,P,Pitcher,"6' 4""",220,R,R
Ryan O'Hearn,1B,Position,"6' 3""",220,L,L
Tyler O'Neill,LF,Position,"5' 11""",200,R,R
Bailey Ober,P,Pitcher,"6' 9""",260,R,R
Rougned Odor,2B,Position,"5' 11""",200,L,R
Jake Odorizzi,P,Pitcher,"6' 2""",190,R,R
Cristofer Ogando,P,Pitcher,"6' 3""",200,R,R
Shohei Ohtani,TWP,Position,"6' 4""",210,L,R
Steven Okert,P,Pitcher,"6' 2""",200,L,L
Chris Okey,C,Position,"5' 11""",200,R,R
Edward Olivares,RF,Position,"6' 2""",190,R,R
Adam Oller,P,Pitcher,"6' 4""",220,R,R
Matt Olson,1B,Position,"6' 5""",220,L,R
Kaleb Ort,P,Pitcher,"6' 4""",240,R,R
Oliver Ortega,P,Pitcher,"6' 0""",160,R,R
Rafael Ortega,CF,Position,"5' 11""",180,L,R
Luis Ortiz,P,Pitcher,"6' 2""",240,R,R
Luis Ortiz,P,Pitcher,"6' 3""",230,R,R
Adam Ottavino,P,Pitcher,"6' 5""",250,S,R
Glenn Otto,P,Pitcher,"6' 3""",240,R,R
James Outman,LF,Position,"6' 3""",220,L,R
Connor Overton,P,Pitcher,"6' 0""",190,L,R
Johan Oviedo,P,Pitcher,"6' 5""",240,R,R
Chris Owings,2B,Position,"5' 10""",180,R,R
Marcell Ozuna,DH,Position,"6' 1""",220,R,R
Cristian Pache,CF,Position,"6' 2""",220,R,R
Chris Paddack,P,Pitcher,"6' 5""",220,R,R
Nicholas Padilla,P,Pitcher,"6' 2""",220,R,R
Kevin Padlo,3B,Position,"6' 2""",210,R,R
Emilio Pagan,P,Pitcher,"6' 2""",210,L,R
Jermaine Palacios,SS,Position,"6' 0""",140,R,R
Josh Palacios,RF,Position,"6' 1""",200,L,R
Richie Palacios,LF,Position,"5' 10""",180,L,R
Andre Pallante,P,Pitcher,"6' 0""",200,R,R
Michael Papierski,C,Position,"6' 3""",220,S,R
Enoli Paredes,P,Pitcher,"5' 11""",170,R,R
Isaac Paredes,3B,Position,"5' 11""",210,R,R
Hoy Park,2B,Position,"6' 1""",200,L,R
Vinnie Pasquantino,DH,Position,"6' 4""",240,L,L
Luis Patino,P,Pitcher,"6' 1""",190,R,R
Spencer Patton,P,Pitcher,"6' 1""",200,R,R
Joel Payamps,P,Pitcher,"6' 2""",220,R,R
Mark Payton,RF,Position,"5' 8""",180,L,L
Matt Peacock,P,Pitcher,"6' 1""",180,R,R
Joc Pederson,LF,Position,"6' 1""",220,L,L
Elvis Peguero,P,Pitcher,"6' 5""",210,R,R
Liover Peguero,SS,Position,"6' 2""",200,R,R
Jeremy Pena,SS,Position,"6' 0""",200,R,R
Ryan Pepiot,P,Pitcher,"6' 3""",220,R,R
Freddy Peralta,P,Pitcher,"5' 11""",200,R,R
David Peralta,LF,Position,"6' 1""",210,L,L
Wandy Peralta,P,Pitcher,"6' 0""",230,L,L
Wily Peralta,P,Pitcher,"6' 1""",260,R,R
Oswald Peraza,SS,Position,"6' 0""",200,R,R
Geraldo Perdomo,SS,Position,"6' 2""",200,S,R
Luis Perdomo,P,Pitcher,"6' 2""",200,R,R
Carlos Perez,C,Position,"5' 11""",200,R,R
Cionel Perez,P,Pitcher,"5' 11""",160,R,L
Francisco Perez,P,Pitcher,"6' 2""",220,S,L
Joe Perez,3B,Position,"6' 2""",200,R,R
Martin Perez,P,Pitcher,"6' 0""",200,L,L
Michael Perez,C,Position,"5' 10""",200,L,R
Oliver Perez,P,Pitcher,"6' 3""",220,L,L
Roberto Perez,C,Position,"5' 11""",220,R,R
Salvador Perez,C,Position,"6' 3""",260,R,R
Dillon Peters,P,Pitcher,"5' 11""",200,L,L
David Peterson,P,Pitcher,"6' 6""",240,L,L
Jace Peterson,3B,Position,"6' 0""",220,L,R
Tommy Pham,LF,Position,"6' 1""",220,R,R
David Phelps,P,Pitcher,"6' 2""",200,R,R
Brett Phillips,RF,Position,"6' 0""",200,L,R
Evan Phillips,P,Pitcher,"6' 2""",220,R,R
Konnor Pilkington,P,Pitcher,"6' 3""",240,L,L
Kevin Pillar,LF,Position,"6' 0""",200,R,R
Manny Pina,C,Position,"6' 0""",220,R,R
Chad Pinder,LF,Position,"6' 2""",210,R,R
Israel Pineda,C,Position,"5' 11""",190,R,R
Michael Pineda,P,Pitcher,"6' 7""",280,R,R
Rene Pinto,C,Position,"5' 10""",200,R,R
Stephen Piscotty,RF,Position,"6' 4""",210,R,R
Nick Pivetta,P,Pitcher,"6' 5""",210,R,R
Michael Plassmeyer,P,Pitcher,"6' 2""",200,L,L
Kevin Plawecki,C,Position,"6' 2""",210,R,R
Zach Plesac,P,Pitcher,"6' 3""",220,R,R
Nick Plummer,RF,Position,"5' 10""",200,L,L
Colin Poche,P,Pitcher,"6' 3""",220,L,L
Jorge Polanco,2B,Position,"5' 11""",210,S,R
AJ Pollock,LF,Position,"6' 1""",210,R,R
Zach Pop,P,Pitcher,"6' 4""",220,R,R
Sean Poppen,P,Pitcher,"6' 3""",210,R,R
Cody Poteet,P,Pitcher,"6' 1""",190,R,R
Nick Pratto,1B,Position,"6' 1""",220,L,L
Ryan Pressly,P,Pitcher,"6' 2""",210,R,R
David Price,P,Pitcher,"6' 5""",220,L,L
Ford Proctor,C,Position,"6' 1""",200,L,R
Jurickson Profar,LF,Position,"6' 0""",180,S,R
Austin Pruitt,P,Pitcher,"5' 10""",180,R,R
Albert Pujols,DH,Position,"6' 3""",240,R,R
A.J. Puk,P,Pitcher,"6' 7""",250,L,L
Cal Quantrill,P,Pitcher,"6' 3""",200,L,R
Jose Quijada,P,Pitcher,"5' 11""",220,L,L
Roman Quinn,CF,Position,"5' 10""",180,S,R
Jose Quintana,P,Pitcher,"6' 1""",220,R,L
Esteban Quiroz,2B,Position,"5' 6""",200,L,R
Cole Ragans,P,Pitcher,"6' 4""",190,L,L
Tanner Rainey,P,Pitcher,"6' 2""",240,R,R
Cal Raleigh,C,Position,"6' 3""",240,S,R
Brooks Raley,P,Pitcher,"6' 3""",200,L,L
Luke Raley,RF,Position,"6' 4""",240,L,R
Erasmo Ramirez,P,Pitcher,"6' 0""",220,R,R
Harold Ramirez,DH,Position,"5' 10""",230,R,R
Jose Ramirez,3B,Position,"5' 9""",190,S,R
Noe Ramirez,P,Pitcher,"6' 3""",200,R,R
Yohan Ramirez,P,Pitcher,"6' 4""",210,R,R
Heliot Ramos,CF,Position,"6' 1""",190,R,R
Drew Rasmussen,P,Pitcher,"6' 1""",210,R,R
Robbie Ray,P,Pitcher,"6' 2""",220,L,L
J.T. Realmuto,C,Position,"6' 1""",210,R,R
Jake Reed,P,Pitcher,"6' 2""",200,R,R
Rob Refsnyder,RF,Position,"6' 0""",200,R,R
Sean Reid-Foley,P,Pitcher,"6' 3""",230,R,R
Zach Reks,LF,Position,"6' 2""",190,L,R
Anthony Rendon,3B,Position,"6' 1""",200,R,R
Hunter Renfroe,RF,Position,"6' 1""",230,R,R
Luis Rengifo,2B,Position,"5' 10""",200,S,R
Denyi Reyes,P,Pitcher,"6' 4""",260,R,R
Franmil Reyes,DH,Position,"6' 5""",260,R,R
Gerardo Reyes,P,Pitcher,"5' 11""",200,R,R
Pablo Reyes,SS,Position,"5' 8""",180,R,R
Victor Reyes,RF,Position,"6' 5""",190,S,R
Bryan Reynolds,CF,Position,"6' 3""",200,S,R
Matt Reynolds,2B,Position,"6' 1""",200,R,R
Garrett Richards,P,Pitcher,"6' 2""",210,R,R
Trevor Richards,P,Pitcher,"6' 2""",200,R,R
JT Riddle,SS,Position,"6' 1""",190,L,R
Austin Riley,3B,Position,"6' 3""",240,R,R
Edwin Rios,DH,Position,"6' 3""",220,L,R
Alfonso Rivas,1B,Position,"5' 11""",190,L,L
Emmanuel Rivera,3B,Position,"6' 2""",220,R,R
Sebastian Rivero,C,Position,"6' 1""",210,R,R
Anthony Rizzo,1B,Position,"6' 3""",240,L,L
Luis Robert,CF,Position,"6' 2""",220,R,R
Ethan Roberts,P,Pitcher,"5' 10""",180,R,R
David Robertson,P,Pitcher,"5' 11""",200,R,R
Kramer Robertson,SS,Position,"5' 10""",170,R,R
Chuckie Robinson,C,Position,"5' 11""",220,R,R
Hansel Robles,P,Pitcher,"6' 0""",220,R,R
Victor Robles,CF,Position,"6' 0""",200,R,R
Brendan Rodgers,2B,Position,"6' 0""",200,R,R
Carlos Rodon,P,Pitcher,"6' 3""",240,L,L
Eduardo Rodriguez,P,Pitcher,"6' 2""",230,L,L
Elvin Rodriguez,P,Pitcher,"6' 3""",160,R,R
Dereck Rodriguez,P,Pitcher,"6' 0""",210,R,R
Joely Rodriguez,P,Pitcher,"6' 1""",200,L,L
Julio Rodriguez,CF,Position,"6' 3""",230,R,R
Manuel Rodriguez,P,Pitcher,"5' 11""",210,R,R
Josh Rogers,P,Pitcher,"6' 3""",210,L,L
Taylor Rogers,P,Pitcher,"6' 3""",190,L,L
Trevor Rogers,P,Pitcher,"6' 5""",220,L,L
Tyler Rogers,P,Pitcher,"6' 3""",180,R,R
Jose Rojas,3B,Position,"6' 0""",200,L,R
Josh Rojas,3B,Position,"6' 1""",210,L,R
Miguel Rojas,SS,Position,"6' 0""",190,R,R
Jordan Romano,P,Pitcher,"6' 5""",210,R,R
Jhon Romero,P,Pitcher,"5' 10""",200,R,R
JoJo Romero,P,Pitcher,"5' 11""",200,L,L
Tommy Romero,P,Pitcher,"6' 2""",220,R,R
Austin Romine,C,Position,"6' 1""",220,R,R
Sergio Romo,P,Pitcher,"5' 11""",180,R,R
Angel Rondon,P,Pitcher,"6' 1""",200,R,R
Brent Rooker,LF,Position,"6' 4""",220,R,R
Eddie Rosario,LF,Position,"6' 1""",180,L,R
Eguy Rosario,3B,Position,"5' 9""",150,R,R
Amed Rosario,SS,Position,"6' 2""",190,R,R
Kenny Rosenberg,P,Pitcher,"6' 1""",200,L,L
Bubby Rossman,P,Pitcher,"6' 5""",220,S,R
Michael Rucker,P,Pitcher,"6' 1""",200,R,R
Darin Ruf,DH,Position,"6' 2""",230,R,R
Esteury Ruiz,LF,Position,"6' 0""",170,R,R
Jose Ruiz,P,Pitcher,"6' 1""",240,R,R
Keibert Ruiz,C,Position,"6' 0""",220,S,R
Norge Ruiz,P,Pitcher,"5' 10""",180,R,R
Adley Rutschman,C,Position,"6' 2""",220,S,R
Joe Ryan,P,Pitcher,"6' 2""",200,R,R
Hyun Jin Ryu,P,Pitcher,"6' 3""",250,R,L
Connor Sadzeck,P,Pitcher,"6' 7""",240,R,R
Chris Sale,P,Pitcher,"6' 6""",180,L,L
Adrian Sampson,P,Pitcher,"6' 2""",210,R,R
Aaron Sanchez,P,Pitcher,"6' 4""",210,R,R
Anibal Sanchez,P,Pitcher,"6' 0""",210,R,R
Cristopher Sanchez,P,Pitcher,"6' 1""",160,L,L
Gary Sanchez,C,Position,"6' 2""",230,R,R
Jesus Sanchez,CF,Position,"6' 3""",220,L,R
Miguel Sanchez,P,Pitcher,"6' 3""",200,R,R
Yolmer Sanchez,3B,Position,"6' 0""",210,S,R
Phoenix Sanders,P,Pitcher,"5' 10""",200,R,R
Nick Sandlin,P,Pitcher,"5' 11""",180,R,R
Patrick Sandoval,P,Pitcher,"6' 3""",190,L,L
Cole Sands,P,Pitcher,"6' 3""",220,R,R
Donny Sands,C,Position,"6' 2""",190,R,R
Reiver Sanmartin,P,Pitcher,"6' 2""",160,L,L
Miguel Sano,1B,Position,"6' 4""",270,R,R
Carlos Santana,DH,Position,"5' 11""",220,S,R
Dennis Santana,P,Pitcher,"6' 2""",190,R,R
Anthony Santander,RF,Position,"6' 2""",240,S,R
Tony Santillan,P,Pitcher,"6' 3""",240,R,R
Gregory Santos,P,Pitcher,"6' 2""",190,R,R
Tayler Saucedo,P,Pitcher,"6' 4""",200,L,L
Hirokazu Sawamura,P,Pitcher,"6' 0""",210,R,R
Josh Sborz,P,Pitcher,"6' 3""",220,R,R
Max Scherzer,P,Pitcher,"6' 3""",210,R,R
Clarke Schmidt,P,Pitcher,"6' 1""",200,R,R
Jonathan Schoop,2B,Position,"6' 1""",250,R,R
John Schreiber,P,Pitcher,"6' 2""",210,R,R
Max Schrock,RF,Position,"5' 9""",180,L,R
Kyle Schwarber,LF,Position,"6' 0""",230,L,R
Frank Schwindel,1B,Position,"6' 1""",220,R,R
Tanner Scott,P,Pitcher,"6' 0""",240,R,L
Tayler Scott,P,Pitcher,"6' 3""",180,R,R
Connor Seabold,P,Pitcher,"6' 2""",190,R,R
Corey Seager,SS,Position,"6' 4""",220,L,R
JP Sears,P,Pitcher,"5' 11""",180,R,L
Cody Sedlock,P,Pitcher,"6' 4""",220,R,R
Jean Segura,2B,Position,"5' 10""",220,R,R
Sam Selman,P,Pitcher,"6' 2""",200,R,L
Marcus Semien,2B,Position,"6' 0""",200,R,R
Antonio Senzatela,P,Pitcher,"6' 1""",240,R,R
Nick Senzel,CF,Position,"6' 1""",200,R,R
Brian Serven,C,Position,"6' 0""",210,R,R
Anderson Severino,P,Pitcher,"5' 10""",190,L,L
Luis Severino,P,Pitcher,"6' 2""",220,R,R
Pedro Severino,C,Position,"6' 1""",240,R,R
Paul Sewald,P,Pitcher,"6' 3""",220,R,R
Bryan Shaw,P,Pitcher,"6' 1""",230,S,R
Travis Shaw,3B,Position,"6' 4""",230,L,R
Gavin Sheets,RF,Position,"6' 5""",230,L,L
Jordan Sheffield,P,Pitcher,"5' 10""",190,R,R
Justus Sheffield,P,Pitcher,"5' 10""",220,L,L
Zack Short,SS,Position,"5' 10""",180,R,R
Chasen Shreve,P,Pitcher,"6' 4""",180,L,L
Mike Siani,OF,Position,"6' 1""",190,L,L
Magneuris Sierra,CF,Position,"5' 11""",180,L,L
Chase Silseth,P,Pitcher,"6' 0""",220,R,R
Andrelton Simmons,SS,Position,"6' 2""",200,R,R
Lucas Sims,P,Pitcher,"6' 2""",220,R,R
Brady Singer,P,Pitcher,"6' 5""",220,R,R
Jose Siri,CF,Position,"6' 2""",180,R,R
Tarik Skubal,P,Pitcher,"6' 3""",240,R,L
Austin Slater,CF,Position,"6' 1""",200,R,R
Ethan Small,P,Pitcher,"6' 4""",220,L,L
Devin Smeltzer,P,Pitcher,"6' 3""",200,R,L
Drew Smith,P,Pitcher,"6' 2""",190,R,R
Caleb Smith,P,Pitcher,"6' 0""",210,R,L
Dominic Smith,1B,Position,"6' 0""",240,L,L
Joe Smith,P,Pitcher,"6' 2""",210,R,R
Josh H. Smith,3B,Position,"5' 10""",170,L,R
Kevin Smith,3B,Position,"6' 0""",190,R,R
Pavin Smith,RF,Position,"6' 2""",210,L,L
Chad Smith,P,Pitcher,"6' 4""",200,R,R
Will Smith,C,Position,"5' 10""",200,R,R
Will Smith,P,Pitcher,"6' 5""",260,R,L
Canaan Smith-Njigba,LF,Position,"6' 0""",230,L,R
Drew Smyly,P,Pitcher,"6' 2""",190,L,L
Kirby Snead,P,Pitcher,"6' 1""",220,L,L
Blake Snell,P,Pitcher,"6' 4""",220,L,L
Collin Snider,P,Pitcher,"6' 4""",200,R,R
Nick Snyder,P,Pitcher,"6' 4""",190,R,R
Nick Solak,LF,Position,"5' 11""",180,R,R
Donovan Solano,DH,Position,"5' 8""",210,R,R
Jorge Soler,LF,Position,"6' 4""",240,R,R
Jared Solomon,P,Pitcher,"6' 2""",200,R,R
Edmundo Sosa,SS,Position,"6' 0""",210,R,R
Lenyn Sosa,SS,Position,"6' 0""",180,R,R
Gregory Soto,P,Pitcher,"6' 1""",230,L,L
Juan Soto,RF,Position,"6' 2""",220,L,L
Livan Soto,SS,Position,"6' 0""",160,L,R
Bennett Sousa,P,Pitcher,"6' 3""",220,L,L
Steven Souza Jr.,RF,Position,"6' 4""",220,R,R
Cory Spangenberg,3B,Position,"6' 0""",200,L,R
Gabe Speier,P,Pitcher,"5' 11""",200,L,L
George Springer,CF,Position,"6' 3""",220,R,R
Jeffrey Springs,P,Pitcher,"6' 3""",220,L,L
Locke St. John,P,Pitcher,"6' 3""",180,L,L
Jacob Stallings,C,Position,"6' 5""",220,R,R
Craig Stammen,P,Pitcher,"6' 2""",230,R,R
Ryne Stanek,P,Pitcher,"6' 4""",230,R,R
Giancarlo Stanton,DH,Position,"6' 6""",240,R,R
Cody Stashak,P,Pitcher,"6' 2""",180,R,R
Max Stassi,C,Position,"5' 10""",200,R,R
Josh Staumont,P,Pitcher,"6' 3""",200,R,R
Drew Steckenrider,P,Pitcher,"6' 4""",240,R,R
Justin Steele,P,Pitcher,"6' 2""",200,L,L
Spencer Steer,1B,Position,"5' 11""",180,R,R
Michael Stefanic,2B,Position,"5' 10""",180,R,R
Trevor Stephan,P,Pitcher,"6' 5""",220,R,R
Jackson Stephens,P,Pitcher,"6' 2""",220,R,R
Robert Stephenson,P,Pitcher,"6' 3""",200,R,R
Tyler Stephenson,C,Position,"6' 4""",220,R,R
Cal Stevenson,CF,Position,"5' 10""",180,L,L
DJ Stewart,RF,Position,"6' 0""",210,L,R
Trevor Story,2B,Position,"6' 2""",210,R,R
Bryson Stott,SS,Position,"6' 3""",200,L,R
Eric Stout,P,Pitcher,"6' 3""",200,L,L
Kyle Stowers,LF,Position,"6' 3""",200,L,L
Matt Strahm,P,Pitcher,"6' 2""",190,R,L
Dee Strange-Gordon,OF,Position,"5' 11""",170,L,R
Stephen Strasburg,P,Pitcher,"6' 5""",240,R,R
Chris Stratton,P,Pitcher,"6' 2""",200,R,R
Myles Straw,CF,Position,"5' 10""",180,R,R
Hunter Strickland,P,Pitcher,"6' 3""",220,R,R
Spencer Strider,P,Pitcher,"6' 0""",200,R,R
Ross Stripling,P,Pitcher,"6' 1""",220,R,R
Marcus Stroman,P,Pitcher,"5' 7""",180,R,R
Peter Strzelecki,P,Pitcher,"6' 2""",200,R,R
Garrett Stubbs,C,Position,"5' 10""",170,L,R
Eugenio Suarez,3B,Position,"5' 11""",210,R,R
Jose Suarez,P,Pitcher,"5' 10""",220,L,L
Ranger Suarez,P,Pitcher,"6' 1""",220,L,L
Robert Suarez,P,Pitcher,"6' 2""",210,R,R
Beau Sulser,P,Pitcher,"6' 2""",200,R,R
Cole Sulser,P,Pitcher,"6' 1""",190,R,R
Brent Suter,P,Pitcher,"6' 4""",210,L,L
Jack Suwinski,LF,Position,"6' 2""",220,L,L
Kurt Suzuki,C,Position,"5' 11""",210,R,R
Seiya Suzuki,RF,Position,"5' 11""",180,R,R
Travis Swaggerty,LF,Position,"5' 10""",200,L,L
Erik Swanson,P,Pitcher,"6' 3""",220,R,R
Dansby Swanson,SS,Position,"6' 1""",190,R,R
Matt Swarmer,P,Pitcher,"6' 5""",200,R,R
Noah Syndergaard,P,Pitcher,"6' 6""",240,L,R
Thomas Szapucki,P,Pitcher,"6' 2""",210,R,L
Jameson Taillon,P,Pitcher,"6' 5""",230,R,R
Domingo Tapia,P,Pitcher,"6' 3""",260,R,R
Raimel Tapia,LF,Position,"6' 3""",180,L,L
Freddy Tarnok,P,Pitcher,"6' 3""",180,R,R
Dillon Tate,P,Pitcher,"6' 2""",200,R,R
Leody Taveras,CF,Position,"6' 2""",200,S,R
Blake Taylor,P,Pitcher,"6' 3""",220,L,L
Chris Taylor,LF,Position,"6' 1""",200,R,R
Michael A. Taylor,CF,Position,"6' 4""",220,R,R
Tyrone Taylor,CF,Position,"6' 0""",190,R,R
Rowdy Tellez,1B,Position,"6' 4""",260,L,L
Ryan Tepera,P,Pitcher,"6' 1""",200,R,R
Jackson Tetreault,P,Pitcher,"6' 5""",190,R,R
Matt Thaiss,C,Position,"6' 0""",220,L,R
Caleb Thielbar,P,Pitcher,"6' 0""",200,R,L
Alek Thomas,CF,Position,"5' 11""",180,L,L
Cody Thomas,LF,Position,"6' 4""",210,L,R
Dillon Thomas,LF,Position,"6' 1""",220,L,L
Lane Thomas,LF,Position,"6' 0""",190,R,R
Keegan Thompson,P,Pitcher,"6' 1""",210,R,R
Bubba Thompson,LF,Position,"6' 2""",200,R,R
Mason Thompson,P,Pitcher,"6' 6""",240,R,R
Ryan Thompson,P,Pitcher,"6' 5""",210,R,R
Trayce Thompson,LF,Position,"6' 3""",220,R,R
Zack Thompson,P,Pitcher,"6' 2""",220,L,L
Zach Thompson,P,Pitcher,"6' 7""",250,R,R
Tyler Thornburg,P,Pitcher,"5' 11""",190,R,R
Trent Thornton,P,Pitcher,"6' 0""",190,R,R
Jesus Tinoco,P,Pitcher,"6' 4""",260,R,R
Michael Toglia,1B,Position,"6' 5""",230,S,L
Ka'ai Tom,OF,Position,"5' 9""",180,L,R
Justin Topa,P,Pitcher,"6' 4""",200,R,R
Spencer Torkelson,1B,Position,"6' 1""",220,R,R
Abraham Toro,2B,Position,"6' 0""",220,S,R
Luis Torrens,C,Position,"6' 0""",220,R,R
Gleyber Torres,2B,Position,"6' 1""",200,R,R
Touki Toussaint,P,Pitcher,"6' 3""",220,R,R
Ezequiel Tovar,SS,Position,"6' 0""",160,R,R
Taylor Trammell,RF,Position,"6' 2""",220,L,L
Blake Treinen,P,Pitcher,"6' 5""",220,R,R
Alan Trejo,2B,Position,"6' 2""",200,R,R
Jose Trevino,C,Position,"5' 10""",220,R,R
Lou Trivino,P,Pitcher,"6' 5""",240,R,R
Chadwick Tromp,C,Position,"5' 8""",220,R,R
Mike Trout,CF,Position,"6' 2""",240,R,R
Yoshi Tsutsugo,1B,Position,"6' 1""",220,L,R
Cole Tucker,RF,Position,"6' 3""",200,S,R
Kyle Tucker,RF,Position,"6' 4""",200,L,R
Tanner Tully,P,Pitcher,"6' 2""",200,L,L
Justin Turner,3B,Position,"5' 11""",200,R,R
Trea Turner,SS,Position,"6' 2""",180,R,R
Kyle Tyler,P,Pitcher,"6' 0""",180,R,R
Edwin Uceta,P,Pitcher,"6' 0""",160,R,R
Erich Uelmen,P,Pitcher,"6' 3""",200,R,R
Duane Underwood Jr.,P,Pitcher,"6' 2""",220,R,R
Justin Upton,LF,Position,"6' 1""",220,R,R
Jose Urena,P,Pitcher,"6' 2""",210,R,R
Julio Urias,P,Pitcher,"6' 0""",220,L,L
Luis Urias,3B,Position,"5' 9""",190,R,R
Ramon Urias,3B,Position,"6' 0""",190,R,R
Jose Urquidy,P,Pitcher,"6' 0""",220,R,R
Gio Urshela,3B,Position,"6' 0""",220,R,R
Cesar Valdez,P,Pitcher,"6' 2""",220,R,R
Framber Valdez,P,Pitcher,"5' 11""",240,R,L
Phillips Valdez,P,Pitcher,"6' 2""",160,R,R
Josh VanMeter,2B,Position,"5' 11""",190,L,R
Ildemaro Vargas,3B,Position,"6' 0""",180,S,R
Miguel Vargas,1B,Position,"6' 3""",200,R,R
Louie Varland,P,Pitcher,"6' 1""",200,L,R
Daulton Varsho,RF,Position,"5' 10""",210,L,R
Andrew Vasquez,P,Pitcher,"6' 6""",240,L,L
Andrew Vaughn,RF,Position,"6' 0""",220,R,R
Terrin Vavra,DH,Position,"6' 1""",200,L,R
Christian Vazquez,C,Position,"5' 9""",200,R,R
Vince Velasquez,P,Pitcher,"6' 3""",210,R,R
Andrew Velazquez,SS,Position,"5' 9""",170,S,R
Nelson Velazquez,CF,Position,"6' 0""",190,R,R
Drew VerHagen,P,Pitcher,"6' 6""",230,R,R
Alex Verdugo,LF,Position,"6' 0""",190,L,L
Justin Verlander,P,Pitcher,"6' 5""",240,R,R
Alex Vesia,P,Pitcher,"6' 1""",210,L,L
Nick Vespi,P,Pitcher,"6' 3""",220,L,L
Will Vest,P,Pitcher,"6' 0""",180,R,R
Cam Vieaux,P,Pitcher,"6' 3""",200,L,L
Mark Vientos,3B,Position,"6' 4""",180,R,R
Matt Vierling,CF,Position,"6' 3""",200,R,R
David Villar,3B,Position,"6' 1""",220,R,R
Jonathan Villar,2B,Position,"6' 0""",230,S,R
Meibrys Viloria,C,Position,"5' 11""",220,L,R
Arodys Vizcaino,P,Pitcher,"6' 0""",240,R,R
Daniel Vogelbach,DH,Position,"6' 0""",270,L,R
Stephen Vogt,DH,Position,"6' 0""",220,L,R
Luke Voit,1B,Position,"6' 3""",260,R,R
Jason Vosler,3B,Position,"6' 1""",220,L,R
Austin Voth,P,Pitcher,"6' 2""",220,R,R
Joey Votto,1B,Position,"6' 2""",220,L,R
Michael Wacha,P,Pitcher,"6' 6""",220,R,R
LaMonte Wade Jr.,RF,Position,"6' 1""",200,L,L
Tyler Wade,2B,Position,"6' 1""",190,L,R
Adam Wainwright,P,Pitcher,"6' 7""",230,R,R
Cole Waites,P,Pitcher,"6' 3""",180,R,R
Ken Waldichuk,P,Pitcher,"6' 4""",220,L,L
Christian Walker,1B,Position,"6' 0""",210,R,R
Steele Walker,LF,Position,"5' 11""",210,L,L
Taijuan Walker,P,Pitcher,"6' 4""",240,R,R
Chad Wallach,C,Position,"6' 2""",250,R,R
Matt Wallner,RF,Position,"6' 5""",220,L,R
Taylor Walls,SS,Position,"5' 10""",180,S,R
Jake Walsh,P,Pitcher,"6' 1""",190,R,R
Jared Walsh,1B,Position,"6' 0""",210,L,L
Donovan Walton,2B,Position,"5' 10""",190,L,R
Andrew Wantz,P,Pitcher,"6' 4""",240,R,R
Taylor Ward,RF,Position,"6' 1""",200,R,R
Art Warren,P,Pitcher,"6' 3""",230,R,R
Austin Warren,P,Pitcher,"6' 0""",170,R,R
Drew Waters,RF,Position,"6' 2""",180,S,R
Spenser Watkins,P,Pitcher,"6' 2""",180,R,R
Ryan Weathers,P,Pitcher,"6' 1""",230,R,L
Luke Weaver,P,Pitcher,"6' 2""",180,R,R
Logan Webb,P,Pitcher,"6' 1""",220,R,R
Ryan Weber,P,Pitcher,"6' 1""",180,R,R
Jordan Weems,P,Pitcher,"6' 4""",210,L,R
Zack Weiss,P,Pitcher,"6' 3""",210,R,R
Greg Weissert,P,Pitcher,"6' 2""",220,R,R
Alex Wells,P,Pitcher,"6' 1""",200,L,L
Tyler Wells,P,Pitcher,"6' 8""",260,R,R
J.B. Wendelken,P,Pitcher,"6' 1""",240,R,R
Joey Wendle,3B,Position,"6' 1""",200,L,R
Joey Wentz,P,Pitcher,"6' 5""",220,L,L
Hayden Wesneski,P,Pitcher,"6' 3""",210,R,R
Zack Wheeler,P,Pitcher,"6' 4""",200,L,R
Eli White,CF,Position,"6' 3""",200,R,R
Mitch White,P,Pitcher,"6' 3""",210,R,R
Aaron Whitefield,OF,Position,"6' 4""",210,R,R
Kodi Whitley,P,Pitcher,"6' 3""",220,R,R
Garrett Whitlock,P,Pitcher,"6' 5""",220,R,R
Rowan Wick,P,Pitcher,"6' 3""",230,L,R
Taylor Widener,P,Pitcher,"6' 0""",200,L,R
Collin Wiles,P,Pitcher,"6' 4""",220,R,R
Devin Williams,P,Pitcher,"6' 2""",200,R,R
Luke Williams,LF,Position,"6' 1""",190,R,R
Trevor Williams,P,Pitcher,"6' 3""",240,R,R
Bryse Wilson,P,Pitcher,"6' 1""",250,R,R
Justin Wilson,P,Pitcher,"6' 2""",200,L,L
Marcus Wilson,CF,Position,"6' 2""",200,R,R
Steven Wilson,P,Pitcher,"6' 3""",220,R,R
Josh Winckowski,P,Pitcher,"6' 4""",200,R,R
Josh Winder,P,Pitcher,"6' 5""",210,R,R
Jesse Winker,LF,Position,"6' 3""",220,L,L
Patrick Wisdom,3B,Position,"6' 2""",220,R,R
Matt Wisler,P,Pitcher,"6' 3""",220,R,R
Bobby Witt Jr.,SS,Position,"6' 1""",200,R,R
Nick Wittgren,P,Pitcher,"6' 2""",220,R,R
Tony Wolters,C,Position,"5' 10""",200,L,R
Connor Wong,C,Position,"6' 1""",180,R,R
Kolten Wong,2B,Position,"5' 7""",180,L,R
Alex Wood,P,Pitcher,"6' 4""",220,R,L
Jake Woodford,P,Pitcher,"6' 4""",220,R,R
Brandon Woodruff,P,Pitcher,"6' 4""",240,L,R
William Woods,P,Pitcher,"6' 3""",190,R,R
Kyle Wright,P,Pitcher,"6' 4""",220,R,R
Austin Wynns,C,Position,"6' 0""",190,R,R
Jimmy Yacabonis,P,Pitcher,"6' 3""",220,R,R
Miguel Yajure,P,Pitcher,"6' 1""",220,R,R
Ryan Yarbrough,P,Pitcher,"6' 5""",200,R,L
Mike Yastrzemski,CF,Position,"5' 10""",180,L,L
Kirby Yates,P,Pitcher,"5' 10""",200,L,R
Christian Yelich,LF,Position,"6' 3""",200,L,R
Juan Yepez,LF,Position,"6' 1""",200,R,R
Huascar Ynoa,P,Pitcher,"6' 2""",220,R,R
Alex Young,P,Pitcher,"6' 3""",220,L,L
Danny Young,P,Pitcher,"6' 3""",200,L,L
Jared Young,1B,Position,"6' 2""",180,L,R
Aneurys Zabala,P,Pitcher,"6' 3""",260,R,R
Rob Zastryzny,P,Pitcher,"6' 3""",200,R,L
Seby Zavala,C,Position,"5' 11""",200,R,R
Angel Zerpa,P,Pitcher,"6' 0""",220,L,L
T.J. Zeuch,P,Pitcher,"6' 7""",240,R,R
Bradley Zimmer,CF,Position,"6' 4""",180,L,R
Bruce Zimmermann,P,Pitcher,"6' 1""",220,L,L
Mike Zunino,C,Position,"6' 2""",240,R,R
Travis d'Arnaud,C,Position,"6' 2""",210,R,R
Jacob deGrom,P,Pitcher,"6' 4""",180,L,R
