Name,Pos,Age,Frame,Athl,Levers,Arm,Perf,Delivery,playerId
Francisco Alvarez,C,20.7138888,-1,1,Short,60,2,,sa3010862
Gabriel Moreno,C,22.4777777,-1,1,Short,50,1,,22664
Corbin Carroll,CF,21.9583333,-1,1,Short,55,2,,25878
Eury Perez,SP,19.3083333,2,1,Long,,1,1,sa3014807
Gunnar Henderson,3B,21.1027777,1,,Med,60,1,,26289
Jordan Walker,3B,20.2055555,2,1,Long,55,2,,sa3014464
Daniel Espino,SP,21.5861111,1,2,Med,,1,1,sa3011495
Grayson Rodriguez,SP,22.7222222,2,1,Med,,2,-1,sa3008130
Shane Baz,SP,23.1361111,2,1,Med,,1,,22264
Noelvi Marte,SS,20.8055555,2,1,Med,60,,,sa3008745
CJ Abrams,2B,21.8416666,1,1,Med,45,1,,25768
Josh Jung,3B,24.4833333,2,1,Med,60,2,,26299
Druw Jones,CF,18.6888888,2,2,Long,60,1,,
Triston Casas,1B,22.5583333,,-1,Med,55,1,,22514
Marco Luciano,SS,20.825,1,,Med,50,1,,sa3010022
Jackson Holliday,SS,18.6722222,1,1,Med,55,2,,
Marcelo Mayer,SS,19.65,2,,Med,60,1,,sa3017114
Mick Abel,SP,20.9666666,2,1,Long,,,1,sa3014534
Henry Davis,C,22.875,,,Med,70,2,,sa3017042
Cade Cavalli,SP,23.9777777,1,1,Med,,,-1,27473
Jack Leiter,SP,22.2916666,,1,Short,,1,2,sa3018053
DL Hall,SP,23.8805555,-1,1,Short,,1,-1,22207
Brooks Lee,SS,21.4777777,-1,-1,Med,55,2,,
Termarr Johnson,2B,18.1527777,-1,2,Short,50,2,,
Anthony Volpe,2B,21.2722222,,1,Short,50,2,,sa3010868
Brett Baty,3B,22.7305555,1,,Med,55,1,,26123
Luis Campusano,C,23.8527777,1,1,Med,55,1,,22217
Brennen Davis,RF,22.7611111,2,2,Long,60,1,,sa3007876
Pete Crow-Armstrong,CF,20.3638888,,1,Med,55,,,sa3014458
Kyle Harrison,SP,20.9833333,,,Med,,1,,sa3014513
Diego Cartaya,C,20.9138888,2,1,Long,70,,,sa3008742
Luis Matos,CF,20.5222222,,2,Short,50,1,,sa3008756
Oswald Peraza,SS,22.1416666,-1,1,Short,55,1,,22823
Colton Cowser,CF,22.3777777,-1,1,Med,50,1,,sa3017018
Ken Waldichuk,SP,24.5777777,,1,Long,,2,1,27681
Ezequiel Tovar,SS,21.0138888,,1,Short,50,,,sa3008239
Brayan Rocchio,SS,21.5638888,-1,1,Short,50,1,,sa3005898
Brayan Bello,SP,23.2194444,,1,Long,,,-1,23920
Nick Pratto,1B,23.8333333,,1,Med,60,1,,22117
Curtis Mead,LF,21.7777777,1,1,Long,50,1,,sa3008392
Robert Hassell III,RF,20.975,1,1,Med,60,1,,sa3014701
Nick Lodolo,SP,24.5027777,2,1,Long,,1,1,26378
Cole Winn,SP,22.6972222,1,,Med,,1,1,sa3008662
Bobby Miller,SP,23.3361111,1,1,Long,,1,-1,sa3014422
Jordan Lawlar,SS,20.0527777,1,1,Med,50,,,sa3017662
Elly De La Cruz,SS,20.5694444,2,2,Long,70,1,,sa3009289
Jackson Chourio,CF,18.4027777,1,2,Med,40,,,sa3015704
Ivan Herrera,C,22.1805555,,1,Short,60,2,,20599
Bo Naylor,C,22.4583333,,1,Med,55,1,,sa3008247
Logan O'Hoppe,C,22.4916666,1,1,Long,50,1,,sa3007519
Drew Romo,C,20.9361111,2,1,Med,70,1,,sa3014522
Tyler Soderstrom,1B,20.7,1,,Med,45,2,,sa3014489
Shea Langeliers,C,24.7166666,,1,Short,60,1,,25816
Matt Brash,SP,24.2333333,,1,Med,,1,-1,25756
Jackson Jobe,SP,20.0166666,,1,Med,,,,sa3018054
Nick Yorke,2B,20.3444444,-1,-1,Med,30,1,,sa3014546
Zach Neto,2B,21.5166666,,,Short,50,2,,
Luis Medina,MIRP,23.2583333,1,1,Long,,-1,,sa928510
Royce Lewis,SS,23.1694444,2,1,Long,50,-2,,20437
Ronny Mauricio,SS,21.3388888,2,1,Long,60,,,sa3006887
Matthew Liberatore,SP,22.75,2,1,Long,,1,-1,22294
Ezequiel Duran,3B,23.2055555,,1,Med,60,1,,23733
Coby Mayo,RF,20.6555555,2,1,Long,60,1,,sa3014479
Zac Veen,RF,20.65,2,1,Long,55,,,sa3014516
Alex Ramirez,CF,19.5638888,2,1,Long,55,-1,,sa3014695
James Wood,CF,19.8861111,1,1,Long,40,1,,sa3016870
Jasson Dominguez,CF,19.4972222,-1,2,Short,60,-1,,sa3014696
Greg Jones,CF,24.4138888,1,2,Med,55,-1,,sa3010151
Joey Wiemer,RF,23.4861111,2,2,Long,70,1,,sa3014531
Michael Busch,2B,24.7416666,,-1,Med,30,2,,sa3011540
Drey Jameson,SP,24.9694444,,2,Long,,1,-1,26260
Cole Henry,SP,23.0583333,,,Long,,1,-1,sa3014446
Owen White,SP,22.9916666,1,1,Med,,,1,sa3014481
Andy Pages,CF,21.6611111,1,1,Med,60,1,,sa3005625
Kevin Alcantara,CF,20.0666666,2,2,Long,55,-1,,sa3008752
Josh Winder,SP,25.8194444,1,1,Short,,,,24606
Josh H. Smith,SS,24.9972222,1,1,Short,55,2,,26396
Vinnie Pasquantino,1B,24.8222222,-1,-1,Med,50,2,,27676
Cristian Hernandez,SS,18.6472222,1,1,Long,60,,,sa3015696
Colson Montgomery,3B,20.4416666,2,1,Long,55,,,sa3017170
Jose Salas,SS,19.2777777,2,,Med,50,,,sa3014690
Kevin Parada,LF,21.0083333,1,,Med,45,2,,
Liover Peguero,SS,21.6,,1,Short,55,1,,24273
Dylan Lesko,SP,18.9138888,1,1,Long,,1,1,
Brandon Pfaadt,SP,23.8083333,,1,Med,,2,,sa3014983
Hunter Brown,SIRP,23.9361111,1,1,Med,,,,25880
Orelvis Martinez,3B,20.7138888,1,1,Med,55,,,sa3010692
Brady House,3B,19.1722222,2,,Long,60,2,,sa3017694
Nolan Jones,RF,24.2472222,2,1,Long,70,1,,20529
Masyn Winn,SS,20.375,,2,Med,80,1,-1,sa3014506
Austin Martin,CF,23.3694444,,1,Short,45,2,,sa3014454
Logan Allen,SP,23.9194444,-1,1,Short,,2,1,sa3014444
Quinn Priester,SP,21.8916666,2,1,Long,,,-1,sa3011297
George Valera,RF,21.7305555,-1,,Med,60,1,,sa3006872
Gordon Graceffo,SP,22.3861111,,,Med,,2,,sa3016849
Brandon Williamson,SP,24.3444444,1,1,Med,,,1,sa3011494
Owen Caissie,LF,20.0777777,2,,Long,60,1,,sa3014465
Nick Gonzales,2B,23.1916666,-1,,Short,45,1,,sa3014510
James Triantos,2B,19.5194444,-1,,Med,40,2,,sa3017295
Edward Cabrera,SP,24.3138888,1,1,Med,,,-1,21690
Jacob Berry,DH,21.2527777,-1,-2,Short,50,2,,
Dillon Dingler,C,23.8861111,1,1,Short,60,,,sa3014528
Tyler Freeman,2B,23.2083333,-1,-1,Short,45,2,,22532
Xavier Edwards,2B,22.9916666,-1,1,Short,45,1,,sa3007018
Heriberto Hernandez,LF,22.6388888,-1,-1,Short,40,1,,sa3005630
Andrew Painter,SP,19.3222222,2,,Long,,,,sa3017880
Johan Rojas,CF,21.9777777,2,2,Med,60,1,,sa3005784
Taj Bradley,SP,21.3777777,1,1,Med,,1,1,sa3007839
Justin Crawford,CF,18.5638888,2,2,Long,45,,,
Carlos Colmenarez,SS,18.725,1,1,Long,60,1,,sa3017480
Jake Eder,SIRP,23.825,1,,Long,,,-1,sa3014917
Max Meyer,SP,23.4,,2,Short,,1,,27474
Yiddi Cappe,SS,19.9694444,2,1,Long,60,-1,,sa3015515
Ian Lewis,2B,19.5055555,,2,Short,50,,,sa3014691
Peyton Graham,SS,21.5277777,2,1,Long,70,1,,
Endy Rodriguez,C,22.25,,1,Med,50,,,sa3008272
Matt Fraizer,CF,24.5666666,,,Short,45,,,sa918983
Cade Horton,SP,20.9611111,,1,Med,,-1,1,
Sal Frelick,CF,22.2972222,-1,1,Short,50,1,,sa3017047
Garrett Mitchell,CF,23.9222222,1,1,Med,55,1,,27555
Evan Carter,CF,19.9361111,1,,Med,50,1,,sa3014490
Brock Porter,SP,19.175,2,1,Long,,,-1,
Jhoan Duran,SP,24.5777777,1,,Med,,,-1,21029
Matt Canterino,MIRP,24.6444444,-1,-1,Long,,,-1,sa3011530
Bryan Ramos,3B,20.4,1,1,Med,60,1,,sa3010024
Ryne Nelson,SP,24.5138888,1,,Med,,1,1,26253
Blake Walston,SP,21.1055555,1,1,Long,,,2,sa3011814
Ricky Tiedemann,SP,19.9666666,1,,Med,,-1,,sa3018096
Alec Marsh,SP,24.2277777,1,,Med,,1,,sa1159950
Harry Ford,C,19.4583333,,1,Short,50,1,,sa3017627
Matt Allan,SP,21.3027777,1,-1,Long,,,,sa3011740
Allan Cerda,RF,22.7,2,1,Long,60,1,,sa3005504
Cam Collier,3B,17.7111111,-1,,Med,70,1,,
Cristhian Vaquero,CF,17.8972222,2,2,Long,60,,,sa3018403
Elijah Green,CF,18.6722222,2,2,Long,60,,,
Yoendrys Gomez,SP,22.8083333,,,Long,,,1,sa3004650
Everson Pereira,CF,21.3222222,1,1,Med,55,1,,sa3007034
Roderick Arias,SS,17.9083333,1,2,Long,60,,,
Antonio Gomez,C,20.7305555,,1,Short,80,,,sa3008746
Gavin Williams,SP,23.0277777,2,,Long,,2,,sa3018106
Bryan Lavastida,C,23.6916666,,1,Med,45,1,,24765
Zack Gelof,3B,22.7972222,,1,Short,40,1,,sa3017286
Ryan Pepiot,SP,24.9583333,1,1,Med,,,,26221
Maddux Bruns,SP,20.1277777,1,,Long,,,1,sa3017782
Jose Ramos,RF,21.5972222,1,1,Med,70,1,,sa3008845
Wikelman Gonzalez,SP,20.3638888,1,1,Long,,,1,sa3008687
Josh Winckowski,MIRP,24.1055555,,,Long,,1,,22387
Connor Seabold,SP,26.5333333,,,Short,,,1,19695
Mikey Romero,2B,18.5666666,1,,Med,50,2,,
Ronaldo Hernandez,C,24.7361111,-1,-1,Long,70,,,sa881850
Brandon Walter,MIRP,25.9111111,,-1,Med,,1,,sa3010826
Gilberto Jimenez,CF,22.0777777,,2,Short,60,,,sa3005507
Jordy Vargas,SP,18.75,2,2,Long,,1,1,sa3016052
Adael Amador,SS,19.3194444,1,1,Med,60,-1,,sa3014682
Warming Bernabel,3B,20.1666666,1,1,Med,50,2,,sa3008761
Benny Montgomery,CF,19.9083333,1,1,Long,60,,,sa3017169
Gabriel Hughes,SP,20.9555555,,1,Long,,,,
Ethan Wilson,LF,22.7472222,,-1,Short,50,1,,sa3017329
Kameron Misner,CF,24.5777777,,1,Med,55,,,sa3011656
Hans Crouse,MIRP,23.8916666,-1,,Long,,1,-1,22192
Willy Vasquez,CF,20.9166666,1,,Short,60,,,sa3011821
Luis Garcia,SS,21.7916666,-1,1,Short,60,,,sa3007295
Carson Williams,SS,19.1138888,1,1,Long,70,,,sa3017795
Cole Wilcox,SP,23.0611111,1,-1,Med,,-1,-1,sa3014443
Ian Seymour,MIRP,23.6472222,-1,1,Long,,2,-1,sa3014512
Sandy Gaston,SIRP,20.6388888,2,,Med,,,-1,sa3011136
Jonathan Aranda,2B,24.2027777,,,Med,40,,,21837
Peyton Burdick,CF,25.4444444,,1,Med,60,2,,25459
Dax Fulton,SP,20.8055555,1,,Long,,,,sa3014535
Jordan Groshans,3B,22.7388888,2,1,Med,60,1,,23794
Cody Morissette,2B,22.5555555,-1,1,Short,50,2,,sa3017158
Cristian Santana,SS,18.6972222,-1,,Short,50,1,,sa3015697
Reese Olson,SP,23.0166666,1,-1,Med,,,-1,sa3008513
Colt Keith,3B,20.9777777,1,,Med,60,,,sa3014474
Jared Jones,SP,21,,2,Short,,-1,,sa3014459
Jace Jung,2B,21.8388888,-1,-1,Short,45,2,,
Bubba Chandler,SP,19.8944444,1,2,Short,,,2,sa3017428
Ty Madden,SP,22.4583333,1,,Long,,,-1,sa3018141
Ji-hwan Bae,2B,23.0277777,-1,1,Med,40,1,,sa3006895
Joey Wentz,SP,24.8333333,2,1,Long,,1,1,19962
Mike Burrows,SIRP,22.7444444,,,Long,,,,sa3008517
Travis Swaggerty,CF,24.9638888,,1,Short,60,-1,,24491
Caleb Kilian,SP,25.1777777,1,1,Long,,2,1,26213
Jordan Wicks,SP,22.9305555,1,,Short,,2,2,sa3017894
DJ Herz,MIRP,21.5888888,1,,Long,,2,1,sa3011680
Nelson Velazquez,RF,23.6111111,-1,,Med,60,,,23359
Brice Turang,SS,22.7083333,1,1,Long,55,1,,sa3008294
Miguel Amaya,C,23.4083333,1,1,Med,50,1,,sa917354
Ethan Small,SP,25.4777777,,,Long,,2,1,26364
Jackson Ferris,SIRP,18.5583333,,-1,Long,,,-1,
Jeferson Quero,C,19.8277777,2,1,Long,60,,,sa3015407
Alexander Canario,RF,22.2472222,,1,Med,70,,,sa3003316
Felix Valerio,2B,21.6111111,-1,,Short,45,2,,sa3005613
Ed Howard,SS,20.5222222,1,1,Med,55,1,,sa3014540
Tyler Black,2B,22.0277777,,,Short,45,2,,sa3017623
Jacob Misiorowski,SP,20.3416666,2,1,Long,,,1,
Eric Brown Jr.,2B,21.6305555,,2,Short,45,2,,
Robert Moore,2B,20.35,-1,1,Short,45,1,,
Justin Foscue,2B,23.4277777,1,-1,Short,30,2,,sa3014527
Dustin Harris,1B,23.0777777,2,,Med,30,1,,sa3010279
Yeison Morrobel,CF,18.6611111,,,Med,55,,,sa3015720
Marc Church,SIRP,21.35,1,1,Med,,,1,sa3015080
Colin Barber,CF,21.6722222,,1,Short,40,,,sa3010696
Yainer Diaz,C,23.875,-1,-1,Med,60,1,,23003
Korey Lee,C,24.0305555,1,1,Med,70,,,25543
Drew Gilbert,CF,21.8583333,1,1,Short,55,1,,
Pedro Leon,CF,24.1888888,-1,1,Short,70,1,,sa3014838
Noah Miller,SS,19.7333333,,1,Med,50,2,,sa3017512
Ronny Henriquez,SP,22.1277777,-1,2,Short,,1,1,24094
Simeon Woods Richardson,SP,21.8583333,,1,Short,,,1,sa3008423
Matt Wallner,DH,24.65,1,-1,Med,70,1,,26466
Connor Prielipp,SIRP,21.5722222,-1,-1,Long,,-1,-1,
Jackson Merrill,SS,19.2972222,,,Med,55,1,,sa3016829
Lenyn Sosa,2B,22.5305555,,-1,Short,45,,,22896
Jose Rodriguez,SS,21.2305555,,1,Short,50,1,,sa3005788
Deyvison De Los Santos,3B,19.125,-1,,Med,55,2,,sa3015168
Oscar Colas,RF,23.8861111,-1,,Short,55,,,sa3018099
Slade Cecconi,SP,23.1166666,1,1,Long,,-1,-1,sa3014739
Romy Gonzalez,SS,25.9166666,1,,Med,60,,,21562
Bryce Jarvis,SP,24.6111111,,,Med,,,1,sa3014437
Luis Frias,SIRP,24.2027777,1,-1,Med,,,-1,21997
Brandon Barriera,SP,18.4222222,1,2,Med,,1,1,
Kristian Robinson,RF,21.6527777,2,1,Long,60,-2,,sa3006884
Leo Jimenez,SS,21.2194444,1,1,Med,55,1,,sa3006891
Josh Kasevich,3B,21.5527777,-2,-1,Med,45,2,,
Nick Loftin,CF,23.8638888,,1,Med,60,1,,sa3014511
Gavin Cross,CF,21.4805555,-1,,Med,55,2,,
Cole Young,SS,19.0361111,-1,,Short,50,1,,
Taylor Dollard,SP,23.4694444,,,Long,,2,,sa3014982
Emerson Hancock,SP,23.1833333,2,1,Long,,1,1,sa3014456
Jett Williams,CF,18.7583333,,2,Short,45,1,,
Tyler Locklear,1B,21.7,-1,-1,Med,50,2,,
Mark Vientos,1B,22.6527777,2,1,Long,50,1,,22184
Blade Tidwell,SP,21.1611111,1,,Long,,,1,
Matt McLain,SS,23,-1,,Short,50,1,,sa3017154
Eric Orze,SP,24.9583333,,1,Short,,1,1,sa3014793
Daniel Vellojin,C,22.3916666,,1,Short,50,1,,sa3005587
Spencer Steer,2B,24.6638888,,-1,Med,50,2,,26323
Tyler Callihan,2B,22.1222222,-1,-1,Med,50,1,,sa1169610
Connor Phillips,MIRP,21.2555555,-1,,Long,,1,,sa3014433
Vaughn Grissom,SS,21.5861111,1,1,Med,55,2,,26031
Jared Shuster,SP,24.0083333,1,,Med,,1,1,sa3014483
Kyle Muller,SIRP,24.8305555,2,1,Long,,-1,-1,20167
Owen Murphy,SP,18.8583333,-1,1,Med,,1,2,
JR Ritchie,SP,19.1111111,1,1,Med,,,2,
Jeremy De La Rosa,CF,20.5555555,1,1,Med,55,1,,sa3011329
Aeverson Arteaga,SS,19.3888888,1,2,Med,60,,,sa3014707
Gregory Santos,SIRP,22.9388888,-1,-1,Long,,-1,-1,21894
Will Bednar,SP,22.1472222,-1,-1,Long,,2,-1,sa3017844
Chase Silseth,SP,22.2166666,-1,-1,Short,,-1,-1,30074
Carson Whisenhunt,SP,21.7944444,,1,Long,,1,1,
Sam Bachman,SIRP,22.85,,-1,Med,,1,-1,sa3017261
Heliot Ramos,RF,22.9138888,-1,1,Short,60,1,,22515
Arol Vera,SS,19.9,1,,Med,60,,,sa3014687
Jairo Pomares,RF,22.0055555,,,Med,50,1,,sa3010023
Drew Thorpe,SP,20.8472222,,,Long,,1,1,
Austin Wells,RF,23.0666666,1,,Med,40,1,,sa3014440
Oswaldo Cabrera,2B,23.4305555,-1,1,Short,50,1,,21707
Trey Sweeney,3B,22.2833333,1,,Med,40,1,,sa3016973
Spencer Jones,RF,21.2277777,2,1,Long,50,,,
Clayton Beeter,SIRP,23.825,,-1,Long,,,2,sa3014536
Alexander Vargas,SS,20.7694444,1,2,Med,60,-1,,sa3008851
Luis Gil,SIRP,24.175,1,1,Long,,,,21052
Kyle Stowers,RF,24.5944444,1,1,Long,60,1,,26151
Jordan Westburg,2B,23.4666666,,-1,Med,45,1,,sa3014499
Jud Fabian,CF,21.8583333,,1,Med,60,2,,
Heston Kjerstad,RF,23.4833333,1,,Med,50,-2,,sa3014439
Dylan Beavers,RF,20.9861111,1,,Long,60,,,
Terrin Vavra,2B,25.2333333,-1,1,Short,50,1,,24400
Angel Martinez,SS,20.5388888,,2,Short,60,,,sa3008762
Chase DeLauter,RF,20.8277777,-1,-1,Med,60,2,,
Xzavion Curry,SP,24.025,-1,,Short,,1,1,25595
Tanner Bibee,SP,23.4194444,,,,,,,sa3018170
Jose Tena,SS,21.3777777,,1,Med,60,1,,sa3005482
Gunnar Hoglund,SP,22.6361111,-1,,Short,,2,2,
Parker Messick,SP,21.7777777,-2,,Short,,,,
Nick Allen,SS,23.8277777,-2,1,Short,60,1,,22277
Gabriel Arias,SS,22.4416666,1,2,Med,60,,,22563
Daniel Susac,C,21.2277777,,-1,Long,45,1,,
Petey Halpin,CF,20.1944444,,1,Med,60,1,,sa3014461
Ryan Cusick,SIRP,22.7333333,-1,,Med,,-1,-1,sa3017385
Dayan Frias,SS,20.1138888,,,Short,50,1,,sa3008768
J.T. Ginn,SP,23.2111111,,,Med,,,,sa3014428
Justin Campbell,SP,21.4777777,2,,Long,,,1,
Brayan Buelvas,CF,20.1611111,-1,1,Med,55,1,,sa3008868
Cooper Hjerpe,SP,21.3888888,1,1,Long,,1,1,
Jorbit Vivas,2B,21.4083333,-1,1,Short,40,1,,sa3005511
Miguel Vargas,3B,22.7194444,-1,-1,Med,45,1,,20178
Gavin Stone,MIRP,23.8083333,1,1,Med,,1,,sa3014810
Rayne Doncon,2B,18.8722222,1,1,Med,40,,,sa3016720
Michael Grove,SP,25.6333333,,,Short,,,2,23221
Landon Knack,SP,25.5583333,-1,1,Long,,1,1,sa3014518
Edgardo Henriquez,SP,20.1166666,2,,Long,,,,sa3009613
Dalton Rushing,C,21.4583333,1,1,Short,30,1,,
Jacob Amaya,SS,23.925,-1,1,Short,50,1,,sa3005081
Andre Jackson,SP,26.2638888,,1,Long,,1,,21298
Ceddanne Rafaela,CF,21.8833333,,,,,,,sa3005581
Miguel Bleis,RF,18.4305555,1,1,Long,55,,,sa3016834
Blaze Jordan,1B,19.6305555,-2,-1,Med,50,2,,sa3014537
Bryan Mata,MIRP,23.2583333,-1,-1,Med,,1,-2,sa917784
Tyler McDonough,CF,23.3444444,,,Short,30,,,sa3016869
Thad Ward,MIRP,25.5555555,1,1,Long,,-1,-1,sa3008098
Eddinson Paulino,3B,20.0944444,,,Short,60,1,,sa3009538
David Hamilton,SS,24.8527777,-1,1,Med,45,,,sa3014434
Noah Song,SP,25.1888888,,2,Short,,-1,,sa3011695
Yanquiel Fernandez,LF,19.5972222,2,1,Med,40,1,,sa3015648
Victor Juarez,SP,19.1305555,,1,Med,,1,1,sa3016226
Dyan Jorge,CF,19.3833333,1,1,Long,60,,,sa3018387
Griff McGarry,MIRP,23.1611111,,,Med,,,-1,sa3017130
Sterling Thompson,RF,21.1111111,1,,Med,55,1,,
Erik Miller,MIRP,24.4805555,,,Med,,1,1,sa3011336
Sam Weatherly,SIRP,23.1888888,1,2,Long,,-1,,sa3014455
Hao Yu Lee,2B,19.5083333,-1,,Med,50,,,sa3017863
Jaden Hill,MIRP,22.6222222,1,1,Med,,-1,-1,
Francisco Morales,SIRP,22.775,1,1,Med,,1,-1,22913
Juan Brito,2B,20.8666666,,,Short,40,,,sa3009808
Cooper Kinney,3B,19.525,1,,Med,50,1,,sa3017793
Brian Serven,C,27.2527777,,,Med,,1,,19422
Rene Pinto,C,25.7611111,,,Med,55,,,19859
Junior Caminero,3B,19.0861111,,,Med,60,,,sa3015532
Blake Hunt,C,23.7388888,,,Med,60,,,sa3004153
Colby White,SIRP,24.0888888,,1,Med,,1,,sa3011200
Osleivis Basabe,2B,21.8972222,-1,1,Short,55,,,sa3006594
Nick Bitsko,SP,20.1388888,2,1,Long,,-2,1,sa3014476
JJ Goss,SP,21.6138888,-1,1,Med,,-1,,sa3011420
Nick Fortes,C,25.7361111,,1,Short,55,,,21538
Joe Mack,C,19.6083333,1,1,Med,60,,,sa3017374
Nasim Nunez,SS,21.9666666,,2,Short,60,,,sa3010695
Sixto Sanchez,SP,24.0194444,-1,1,Short,,,-1,19680
Kahlil Watson,SS,19.3055555,,2,Short,45,,,sa3017513
Jacob Miller,SP,18.9888888,,,,,,,
Ryan Kreidler,SS,24.7333333,-1,-1,Med,55,1,,25867
Gage Workman,SS,22.7833333,2,1,Long,55,-2,,sa3014441
Anthony Solometo,SP,19.6777777,1,1,Long,,1,1,sa3018259
Wilmer Flores,SIRP,21.4611111,1,-1,Long,,,,sa3015223
Kyle Nicolas,SIRP,23.4555555,1,,Long,,1,,sa3014523
Luis Ortiz,SIRP,23.525,-1,1,Med,,2,,27646
Dariel Lopez,3B,20.4972222,,,Med,60,,,sa3008901
Colin Holderman,SIRP,26.8277777,1,,Long,,1,,22361
Maikol Escotto,2B,20.1722222,,1,Short,60,,,sa3008878
Rodolfo Nolasco,RF,20.8694444,1,,Long,55,,,sa3008907
J.C. Flowers,SIRP,24.2138888,2,1,Med,,,,sa3011493
Ricky DeVito,SIRP,23.9583333,,-1,Med,,,-1,sa1116003
Lonnie White Jr.,CF,19.6,,1,Med,50,-1,,sa3017628
Hayden Wesneski,SP,24.6694444,,,Short,,1,,27581
Reginald Preciado,3B,19.2222222,2,,Long,45,,,sa3014702
Ben Leeper,SIRP,25.1416666,,,Med,,1,,sa3014907
Ryan Jensen,MIRP,24.7027777,,2,Long,,,-1,sa3011496
Freddy Zamora,SS,23.7638888,-1,2,Med,55,1,,sa3014500
Brailyn Marquez,SIRP,23.5166666,-1,-1,Med,,,-2,21896
Abner Uribe,SIRP,22.1277777,1,2,Long,,,1,sa3008177
Zac Leigh,MIRP,24.7277777,1,1,Short,,2,,sa3017873
Eduardo Garcia,SS,20.0722222,1,2,Long,60,1,,sa3008751
Daniel Palencia,SP,22.5027777,-1,,Long,,,,sa3015122
Drew Gray,SP,19.2416666,2,1,Long,,,2,sa3017964
Christian Franklin,CF,22.6833333,,,Med,45,1,,sa3017510
Kumar Rocker,SP,22.7055555,,1,Long,,1,1,
Aaron Zavala,RF,22.1166666,,-1,Med,40,2,,sa3017665
A.J. Alexy,SIRP,24.2916666,1,,Long,,,-1,22343
Maximo Acosta,SS,19.7694444,,1,Short,50,1,,sa3014711
Dane Acker,SP,23.3472222,,,Med,,,,sa3014924
Antoine Kelly,SIRP,22.6694444,2,1,Long,,,,sa3011135
Ryan Clifford,LF,19.0444444,1,,Med,40,1,,
Jayden Murray,SP,25.3194444,,1,Med,,2,,sa1170405
David Hensley,3B,26.3555555,1,,Long,50,1,,25111
Joe Perez,3B,22.9833333,1,,Med,70,-1,,22254
Marco Raya,SP,19.9972222,,2,Short,,-2,2,sa3014550
Samuel Zavala,RF,18.0583333,1,1,Short,60,1,,sa3015718
Cole Sands,MIRP,25.0527777,,,Med,,,-1,21461
Steven Wilson,SIRP,27.95,1,1,Med,,1,1,20353
Emmanuel Rodriguez,CF,19.4333333,,,Med,50,,,sa3014693
Adam Mazur,SP,21.2944444,,1,Long,,,1,
Misael Urbina,LF,20.275,,1,Short,45,-1,,sa3008743
Robby Snelling,SP,18.6305555,1,1,Long,,1,-2,
Norge Vera,SP,22.1805555,1,1,Med,,-1,1,sa3017468
Jordan Balazovic,SP,23.8861111,1,1,Long,,2,-1,sa918017
Reiss Knehr,MIRP,25.7583333,,,Med,,,,21541
Noah Schultz,SP,19.0027777,2,,Long,,,-1,
Jay Groome,SP,23.9527777,-1,,Long,,-2,,sa917925
Wes Kath,3B,20.0083333,1,,Long,50,2,,sa3017172
A.J. Vukovich,1B,21.0444444,,1,Med,55,,,sa3014525
Jared Kelley,SIRP,20.8416666,-2,-1,Long,,1,-1,sa3014471
Landon Sims,MIRP,21.5916666,-1,1,Short,,1,1,
Gabriel Martinez,RF,21.0333333,-1,,Med,60,1,,sa3008865
Manuel Pena,3B,18.6694444,1,1,Med,50,,,sa3015715
CJ Van Eyk,SP,23.8916666,,1,Med,,,-1,sa3014713
Cade Doughty,3B,21.3611111,-1,1,Short,40,,,
Tucker Toman,2B,18.7333333,,1,Med,40,,,
Rikelbin De Castro,SS,19.5361111,1,1,Med,55,1,,sa3014714
Frank Mozzicato,SP,19.1305555,1,1,Long,,,1,sa3018242
Sem Robberse,SP,20.8166666,2,1,Med,,-1,1,sa3011735
Jonathan Bowlan,SP,25.6805555,1,,Long,,,1,sa3006973
Maikel Garcia,SS,22.425,,1,Med,60,,,22715
Ben Kudrna,SP,19.5166666,1,1,Med,,,,sa3018253
Asa Lacy,SIRP,23.1777777,1,1,Med,,-1,-1,sa3014423
Cayden Wallace,3B,20.9972222,,,Med,60,1,,
Drew Waters,CF,23.6,1,1,Med,60,-1,,20505
T.J. Sikkema,SP,24.0305555,-1,-1,Long,,2,1,sa3011191
Nathan Webb,MIRP,24.9611111,-1,,Long,,,,sa918814
Josh Dye,MIRP,25.8944444,1,1,Long,,2,1,sa3007485
Lazaro Montes,RF,17.7888888,2,1,Long,60,-1,,sa3018409
Bryce Miller,MIRP,23.9527777,1,1,Med,,,,sa3017414
Adam Macko,SP,21.6,-1,,Short,,1,,sa3011555
Calvin Ziegler,SP,19.8416666,,,Short,,,,sa3018142
Walter Ford,SP,17.6055555,1,1,Long,,,1,
Dedniel Nunez,SIRP,26.1694444,,,Med,,,,sa3004203
Edwin Arroyo,SS,18.9472222,,,Short,50,,,sa3017626
Austin Hendrick,RF,21.1416666,,1,Med,55,-1,,sa3014521
Chase Petty,SIRP,19.3388888,1,1,Med,,1,-1,sa3017963
Cade Hunter,C,21.6861111,1,1,Med,45,,,
Jay Allen II,CF,19.7055555,1,1,Med,50,,,sa3017403
Rece Hinds,RF,21.9194444,1,,Med,60,-1,,sa1169587
Bryce Bonnin,SIRP,23.8194444,1,,Long,,-1,-1,sa3014453
Carson Spiers,SP,24.7361111,,,,,,,sa3014863
Spencer Schwellenbach,SP,22.1833333,-1,1,Short,,-1,,
Yerlin Confidan,RF,19.6388888,2,1,Med,60,1,,sa3015176
Jarlin Susana,SP,18.3694444,1,,Long,,,-1,sa3018808
Diego Benitez,3B,17.7138888,,,Med,60,,,sa3018391
Matheu Nelson,C,23.5611111,-1,-1,Med,55,1,,sa3017328
Jackson Rutledge,SIRP,23.3472222,,,Long,,-1,,sa3011338
Bryce Elder,SP,23.2138888,-1,,Long,,1,,27779
Lyon Richardson,SP,22.55,,1,Short,,,,sa3007727
Jake Bennett,SP,21.6777777,1,1,Med,,,,
Geraldo Quintero,SS,20.8222222,,1,Short,45,1,,sa3008942
AJ Smith-Shawver,SP,19.7111111,1,1,Med,,,1,sa3017690
Ky Bush,SIRP,22.7333333,,,Med,,-1,,sa3017386
R.J. Dabovich,SIRP,23.5694444,,-1,Med,,1,1,sa3014431
Edgar Quero,C,19.3333333,,,Short,50,1,,sa3015239
Nick Swiney,SP,23.4833333,,,Med,,1,1,sa3014542
Denzer Guzman,SS,18.4944444,1,1,Med,45,,,sa3015711
Eric Silva,SP,19.8416666,-1,1,Short,,1,1,sa3017965
Janson Junk,SP,26.5583333,,1,Short,,1,1,23301
Mason Black,MIRP,22.6555555,1,-1,Long,,1,-1,sa3018146
Adrian Placencia,2B,19.1777777,-2,1,Short,45,1,,sa3014688
Ford Proctor,C,25.6722222,,,Med,50,1,,sa876187
Jeremiah Jackson,SS,22.3611111,1,1,Med,55,-1,,sa3007740
Patrick Bailey,C,23.1861111,,-2,Med,45,1,,sa3014442
Jordyn Adams,CF,22.8,2,2,Long,50,-1,,sa3008032
Casey Schmitt,3B,23.4305555,,1,Med,60,1,,sa3014484
Werner Blakely,3B,20.4583333,2,1,Long,55,-1,,sa3014502
Luis Toribio,3B,21.8555555,-1,-1,Short,55,1,,sa3005541
Ron Marinaccio,MIRP,27.0972222,,,Med,,2,1,23488
Manuel Mercedes,SP,19.875,1,1,Long,,,-1,sa3015214
Stephen Ridings,SIRP,26.9777777,1,1,Long,,1,,22358
Matt Mikulski,MIRP,23.2444444,-1,-1,Short,,1,-1,sa3017874
Deivi Garcia,SP,23.2138888,-1,1,Short,,,1,20276
Justin Lange,SP,20.9027777,,1,Long,,-1,,sa3014517
Leandro Arias,SS,17.5027777,1,1,Short,55,1,,
Connor Norby,2B,22.1611111,-1,,Med,40,2,,sa3017019
Cesar Prieto,2B,23.2388888,-1,,Short,40,2,,sa3018100
Drew Rom,SP,22.6416666,1,1,Med,,1,2,sa3007848
Seth Johnson,SP,23.8805555,,1,Long,,-1,1,sa3011342
Reed Trimble,CF,22.1666666,,2,Short,55,1,,sa3017180
Jhonkensy Noel,1B,21.0583333,-2,-1,Med,55,1,,sa3005579
Max Muncy,SS,19.9472222,,,Med,50,1,,sa3017290
Ethan Hankins,SP,22.2027777,-1,,Long,,-2,-1,sa3008589
Colin Peluse,MIRP,24.1527777,-1,1,Med,,,1,sa3011126
Cody Morris,MIRP,25.7555555,,-1,Med,,1,-1,25388
Jeff Criswell,MIRP,23.4055555,,-1,Long,,,-1,sa3014435
Angel Genao,SS,18.2138888,1,1,Med,45,,,sa3015706
Jonah Bride,C,26.6083333,-1,,Short,60,1,,24703
Isaiah Greene,CF,20.9361111,1,1,Long,45,,,sa3014460
Jordan Diaz,3B,21.9805555,-1,-1,Short,55,2,,22650
Nick Mikolajchak,SIRP,24.7083333,,,Med,,,1,sa3010303
Lawrence Butler,1B,22.0722222,2,,Long,,,,sa3006873
Trenton Denholm,SP,22.6861111,-1,1,Med,,,,sa3018139
Davis Sharpe,SP,22.5166666,1,1,Med,,,1,sa3018112
Tink Hence,SP,20,1,1,Med,,1,2,sa3014709
Zack Thompson,SP,24.7722222,,,Med,,,,25918
Alec Burleson,RF,23.6972222,-1,,Med,50,1,,27615
Michael McGreevy,SP,22.0777777,1,1,Long,,1,1,sa3017598
Jonathan Mejia,SS,17.3166666,1,1,Med,50,,,sa3018411
Carlos Duran,SIRP,21.0166666,-1,-1,Long,,-1,,sa3006404
Emmet Sheehan,MIRP,22.725,,1,Med,,-1,1,sa3017416
Nick Frasso,SP,23.8,1,-1,Long,,,1,sa3014492
Wilman Diaz,SS,18.725,-1,1,Short,60,,,sa3015694
Nick Nastrini,SIRP,22.4666666,1,,Med,,-2,,sa3017413
Joel Ibarra,MIRP,20.0722222,-1,1,Med,,,,sa3009326
Ronan Kopp,SIRP,20.0194444,1,-1,Long,,-2,-1,sa3017751
Eddys Leonard,3B,21.7388888,-1,-1,Short,50,2,,sa3005554
Ben Casparius,MIRP,23.4861111,,,Med,,1,,sa3017886
Jonny DeLuca,RF,24.0722222,-1,,Med,60,1,,sa3011644
Gus Varland,MIRP,25.75,,,Med,,1,,sa3007779
Ryan Noda,1B,26.35,-1,-1,Low,50,2,,sa873960
Hyun-il Choi,MIRP,22.1916666,-1,-1,Med,,1,,sa3009992
Brainer Bonaci,2B,20.075,-1,-1,Med,70,1,,sa3008836
Kutter Crawford,SP,26.3472222,,,Med,,1,1,20531
Franklin German,SIRP,24.8722222,,,Med,,,-1,24750
Eduard Bazardo,SIRP,26.9305555,1,1,Long,,,-1,20997
Connor Wong,C,26.2138888,,1,Med,50,,,19896
Jacob Wallace,SIRP,23.9805555,,1,Long,,,-1,sa3010374
"William, Jr. Bergolla",SS,17.8222222,,2,Short,55,,,
Enmanuel Valdez,2B,23.6055555,-1,-1,Short,40,2,,sa917288
Micah Ottenbreit,SP,19.2472222,2,1,Long,,-1,1,sa3017860
Niko Kavadas,DH,23.775,-2,-2,Med,40,2,,sa3017337
Elehuris Montero,3B,23.9694444,-1,-1,Med,55,1,,20543
Jordan Viars,CF,19.05,1,,Short,50,,,sa3017429
Corey Rosier,CF,22.9138888,-1,1,Short,30,,,sa3016961
Jordan Beck,RF,21.2972222,1,1,Med,50,1,,
James McArthur,SIRP,25.6527777,,-1,Long,,1,-1,sa3007715
Juan Chacon,CF,19.6722222,2,1,Med,55,-1,,sa3014676
Chris McMahon,SP,23.5055555,1,,Long,,1,-1,sa3014429
Donny Sands,C,26.2222222,-1,-1,Med,45,,,18603
Matthew Lugo,SS,21.2416666,1,1,Long,55,-1,,sa1169598
Ryan Rolison,SP,25.0694444,,,Med,,,,sa3008244
Casey Martin,SS,23.3305555,,2,Short,55,,,sa3014524
Ryan Feltner,MIRP,25.9277777,1,-1,Long,,,-1,21446
Simon Muzziotti,CF,23.6083333,,1,Short,55,,,19553
Noah Davis,SP,25.2888888,,1,Med,,,-1,sa3010556
Jhailyn Ortiz,RF,23.7166666,-2,-1,Med,60,,,sa920180
Joe Rock,SP,22.0194444,2,1,Long,,-1,-1,sa3017755
Yemal Flores,CF,18.7055555,-1,1,Short,,,,sa3015717
Alika Williams,SS,23.4,,1,Med,55,1,,sa3014427
Brayan Castillo,SP,21.9027777,,,Med,,,,sa3006544
Eduar Segovia,SIRP,21.5722222,-1,,Med,,,-1,sa3008374
Michael Mercado,SP,23.3083333,2,,Long,,-2,1,sa3005024
Luis Mendez,SS,19.7666666,-1,1,Short,60,,,sa3015650
Tanner Murray,2B,22.925,,,Med,40,,,sa3016805
Brenton Doyle,CF,24.2277777,2,1,Med,55,1,,sa3009965
Kyle Manzardo,1B,22.05,,,Short,,,,sa3017342
Helcris Olivarez,SIRP,21.9944444,1,1,Long,,-1,,sa3002965
John Doxakis,SP,23.9611111,1,,Med,,,,sa1115967
Colton Welker,3B,24.825,-1,-1,Med,50,1,,19961
Tommy Romero,MIRP,25.0777777,,,Med,,1,1,23465
Jake Bird,SIRP,26.6722222,,1,Short,,,1,21267
Austin Shenton,3B,24.5388888,-1,-1,Short,50,,,sa3009869
Hunter Goodman,C,22.8277777,,-2,Med,45,1,,sa3017173
Calvin Faucher,SIRP,26.8722222,,,Med,,1,,20116
Karl Kauffmann,SP,24.975,,,Short,,,-1,sa3014526
Austin Vernon,MIRP,23.4944444,1,,Long,,2,1,sa3017138
McCade Brown,SIRP,22.225,,,Med,,-1,,sa3017812
Diego Infante,RF,22.7888888,,,Med,,,,sa3003280
Antonio Jimenez,SP,21.25,-1,1,Med,,1,1,sa3008074
Miles Mastrobuoni,SS,26.7666666,,,Short,,,,sa918318
Chandler Simpson,2B,21.7166666,,1,Med,30,,,
Kamren James,3B,22.1972222,1,,Med,60,,,
JJ Bleday,RF,24.7388888,,,Med,60,1,,26368
Ronald Hernandez,C,18.7861111,,,Med,55,,,sa3015738
Payton Henry,C,25.1166666,,-1,Med,50,1,,22164
Angeudis Santos,SS,20.8805555,2,1,Long,60,-1,,sa3009794
Griffin Conine,RF,25.0694444,1,1,Med,60,1,,sa876060
Sean Reynolds,SIRP,24.2972222,,,,,,,sa917966
Trei Cruz,2B,24.0861111,,,Short,45,1,,sa3014420
Izaac Pacheco,3B,19.7166666,1,,Med,60,,,sa3016969
Dylan Smith,SP,22.1888888,1,,Med,,1,,sa3018113
Roberto Campos,RF,19.1444444,1,,Med,50,,,sa3014683
Luke Gold,2B,21.8222222,,,Med,30,1,,
Elvin Rodriguez,SP,24.35,2,1,Long,,,1,20962
Jason Foley,SIRP,26.7638888,-1,,Long,,1,-1,19531
Kody Clemens,2B,26.225,1,-1,Med,50,,,20572
Manuel Sequera,2B,19.8555555,-1,,Short,50,,,sa3015179
Thomas Harrington,SP,21.0666666,,1,Med,,1,-1,
Wenceel Perez,SS,22.7666666,-1,1,Short,55,1,,sa3003326
Po-Yu Chen,SP,20.8444444,,1,Long,,,,sa3014699
Zack Hess,SIRP,25.4472222,,,Long,,,-1,sa3010777
Yordany De Los Santos,3B,17.4694444,1,1,Med,50,,,sa3018408
Ali Sanchez,C,25.5444444,1,,Med,55,,,18551
Hunter Barco,SP,21.6416666,1,,Long,,1,,
Wilkel Hernandez,SP,23.3138888,2,,Long,,,1,sa918026
Jared Triolo,3B,24.4944444,,,Med,55,,,sa3010272
Parker Meadows,CF,22.7611111,2,1,Long,60,,,sa3007943
Cody Bolton,SIRP,24.1305555,,,Long,,,-2,sa3004975
Daniel Cabrera,LF,23.9194444,-1,-1,Short,50,2,,sa3014452
"Tony Blanco, Jr.",RF,17.2277777,2,1,Long,45,,,
Michael Kennedy,SP,17.6833333,-1,,Short,,1,1,
Robert Gasser,SP,23.1833333,,1,Med,,1,1,sa3017310
Carmen Mlodzinski,MIRP,23.4638888,-1,,Med,,1,,sa3014505
Esteury Ruiz,CF,23.475,,-1,Med,40,,,21780
Canaan Smith-Njigba,LF,23.2666666,-2,-1,Med,45,1,,23264
Dylan File,SP,26.1722222,,1,Med,,2,,sa3004197
Abrahan Gutierrez,C,22.7666666,-2,-1,Short,45,,,sa3004263
Ben Brown,MIRP,22.9083333,2,1,Long,,1,,sa3005122
Taylor Floyd,SIRP,24.6611111,,1,Med,,1,1,sa3011367
Jared Oliva,CF,26.6916666,1,1,Med,50,,,19968
Yohendrick Pinango,LF,20.2472222,-1,1,Short,55,,,sa3009539
Carlos Rodriguez,LF,21.6638888,-1,1,Short,50,1,,sa3005478
Nick Garcia,SP,23.2944444,,1,Short,,,1,sa3014501
Bryce Ball,1B,24.0777777,1,-1,Long,45,2,,sa1170451
Hendry Mendez,CF,18.7472222,-1,,Med,,1,,sa3015727
Cal Mitchell,RF,23.4111111,,,Med,50,,,22169
Chase Strumpf,3B,24.4111111,,,Med,50,1,,sa3010845
Joe Gray Jr.,RF,22.4,1,1,Med,55,1,,sa3008005
Mason Martin,1B,23.1777777,-1,-2,Med,40,1,,sa3004885
Kevin Made,SS,19.9055555,2,1,Long,55,-2,,sa3014679
Hedbert Perez,LF,19.3388888,-1,,Short,30,1,,sa3014692
Malcom Nunez,DH,21.4083333,-1,-2,Med,55,1,,sa3008113
Kohl Franklin,SP,22.9083333,1,1,Med,,,,sa3008335
Russell Smith,SIRP,23.9055555,1,-2,Long,,1,,sa3018191
Sergio Campana,CF,20.3527777,1,1,Long,50,,,sa3009834
Jonathan Ornelas,SS,22.1944444,,1,Med,45,,,sa3006909
Chris Clarke,SP,24.2305555,,,Med,,1,,sa3011411
Joaquin Tejada,SP,19.0555555,,1,Med,,,1,sa3016207
Luisangel Acuna,2B,20.4,-1,,Short,55,1,,sa3008765
Brandon Birdsell,SIRP,22.3694444,-1,-1,Med,,1,-1,
Hudson Head,CF,21.3277777,,1,Med,55,,,sa3010889
Cole Ragans,SP,24.65,,,Med,,-1,1,21846
Alexis Hernandez,SS,17.6083333,1,1,Med,45,,,sa3018413
Sammy Siani,LF,21.6444444,-1,1,Med,40,,,sa3010704
Tekoah Roby,SP,20.8833333,1,1,Med,,,1,sa3014519
Nazier Mule,SIRP,17.8083333,2,2,Long,,,,
Connor Scott,RF,22.8277777,1,1,Long,60,,,sa3008080
Mason Englert,SP,22.7638888,1,,Med,,-1,1,sa3015036
Christopher Paciolla,3B,18.3888888,1,1,Med,50,,,
Max Kranick,SP,25.0416666,,-1,Long,,-1,-1,22175
Winston Santos,SP,20.3083333,,,Short,,,,sa3015952
Tyler Schlaffer,SP,21.2,1,,Med,,,,sa3011815
Nic Laio,SIRP,25.0222222,1,,Long,,,1,sa3009861
Danyer Cueva,SS,18.1916666,,,Med,50,,,sa3015725
Luke Little,SIRP,21.9333333,1,1,Long,,,-1,sa3014514
Shalin Polanco,CF,18.5,1,-1,Long,50,,,sa3015699
Yerry Rodriguez,SIRP,24.8083333,,1,Short,,,-2,sa918130
Max Bain,SP,26.8583333,,,Med,,,-1,sa3014932
Forrest Whitley,MIRP,24.8916666,1,-1,Long,,-2,-1,sa917930
Carter Bins,C,24.2361111,1,1,Med,60,,,sa1115884
Emiliano Teodo,SIRP,21.4777777,-1,1,Med,,,-1,sa3015158
Jairo Solis,SIRP,22.6222222,1,1,Long,,,,sa3003037
Austin Roberts,MIRP,24.025,,,Med,,1,,sa3010254
Mitch Bratt,SP,19.0916666,,,Long,,,,sa3017719
Logan Cerny,CF,22.8555555,1,2,Med,40,1,,sa3017661
Justin Slaten,SIRP,24.8916666,,,Long,,1,-1,sa3010309
Jacob Melton,CF,21.9138888,1,1,Med,40,,,
Avery Weems,MIRP,25.1666666,,,Med,,,,sa3010256
Seth Martinez,MIRP,27.9361111,,2,Short,,1,,21045
Shawn Dubin,SIRP,26.9166666,-1,1,Long,,1,,sa3007248
Michael Knorr,SP,22.2333333,,,,,,,
Edouard Julien,LF,23.2666666,-1,-1,Med,40,1,,sa3014445
Danny De Andrade,SS,18.3222222,1,1,Med,50,,,sa3015698
Eguy Rosario,3B,22.9472222,-1,,Short,50,1,,19964
David Festa,SP,22.4111111,,,Long,,,1,sa3017788
Brandon Valenzuela,C,21.8444444,1,1,Med,60,,,sa3005729
Caleb Freeman,SIRP,24.4527777,,-1,Long,,,1,sa3011339
Alerick Soularie,2B,23.0861111,-1,1,Short,45,,,sa3014436
Garrett Hawkins,SP,22.4888888,1,,Long,,,1,sa3017383
Jimmy Lambert,SP,27.7166666,,1,Short,,1,,19541
Tanner Schobel,SS,21.1722222,-1,2,Short,60,1,,
Ryan Bergert,SP,22.4111111,-1,,Med,,-1,,sa3017418
Seth Beer,DH,25.8833333,-1,-2,Med,45,1,,20493
Sean Burke,MIRP,22.6333333,2,1,Long,,-1,1,sa3017461
Aaron Sabato,1B,23.1722222,-2,-2,Short,50,1,,sa3014494
Henry Williams,SP,20.8833333,2,1,Long,,,2,
Ivan Melendez,1B,22.5333333,2,-1,Long,45,2,,
Jonathan Cannon,SP,22.0472222,2,,Long,,,-1,
Kala'i Rosario,LF,20.0944444,,,Med,55,,,sa3015199
Joshua Mears,LF,21.4722222,1,,Med,55,,,sa3010162
Conor Grammes,SIRP,25.0472222,1,1,Med,,-1,-1,sa3011651
Matthew Thompson,SP,21.9861111,1,1,Med,,,1,sa3011866
Blayne Enlow,MIRP,23.375,,,Med,,,,sa3005117
Efrain Contreras,SP,22.5944444,-2,,Short,,1,1,sa3005692
Abdidas De La Cruz,SS,17.7583333,,,Long,45,,,
Kohl Simas,SP,22.6222222,,,Med,,,1,sa3016949
Louie Varland,SIRP,24.6583333,,,Med,,1,-2,27691
Korry Howell,CF,23.9305555,1,2,Med,45,,,sa3008238
Tommy Henry,SP,25.0194444,1,,Long,,1,1,26285
Yoelqui Cespedes,CF,24.8666666,,1,Med,80,1,,sa3015137
Yasser Mercedes,RF,17.7222222,1,,Med,60,,,
Bowden Francis,SP,26.2888888,,,Med,,2,1,20548
Joe Elbis,SP,19.8666666,1,1,Med,,,,sa3015216
Peyton Pallette,SP,21.2416666,1,2,Long,,1,1,
Otto Lopez,2B,23.8472222,,1,Med,30,2,,19608
Edwin Uceta,SP,24.575,,1,Med,,,,20539
Harvin Mendoza,1B,23.4666666,-1,,Short,45,1,,sa916997
Dahian Santos,SP,19.4444444,1,1,Long,,,-1,sa3015282
Dominic Canzone,RF,24.9722222,1,,Med,,1,,sa1115890
Jordan Sprinkle,2B,21.4166666,-1,1,Short,35,1,,
Yosver Zulueta,SIRP,24.5361111,1,1,Med,,-2,1,sa3014869
Cooper Hummel,RF,27.6888888,,1,Short,40,1,,19458
Yolbert Sanchez,SS,25.425,,1,Med,60,1,,sa3011471
Estiven Machado,2B,19.8388888,,2,Short,50,-2,,sa3014715
Jose Fernandez,SS,18.8722222,1,2,Med,60,-1,,sa3015204
Hagen Danner,SIRP,23.85,,1,Long,,,,sa3004501
Jorge Barrosa,CF,21.4694444,-1,,Short,45,1,,sa3005524
Miguel Hiraldo,3B,21.9194444,-1,1,Short,55,,,sa3005486
Andrew Pintar,2B,21.3694444,,,,,,,
Hayden Juenger,SIRP,21.9916666,,,Long,,,,sa3017103
Juan Corniel,SS,19.8444444,1,1,Med,55,-1,,sa3015169
Joey Murray,MIRP,25.8694444,,,Long,,1,1,sa3007234
Buddy Kennedy,3B,23.8361111,-1,-1,Short,45,1,1,22505
Tyler Gentry,RF,23.5138888,,,Med,55,1,,sa3014485
Neyfy Castillo,1B,21.4277777,1,1,Med,45,1,,sa3005544
Andrew Hoffmann,SP,22.5111111,2,,Long,,,,sa3017202
Samad Taylor,2B,24.0694444,,1,Short,40,1,,sa918192
Michael Massey,2B,24.3722222,,,Short,40,1,,27684
Beck Way,SP,23,2,1,Long,,,1,sa3014462
Drew Parrish,SP,24.6611111,-1,-1,Short,,1,1,sa3011395
Collin Snider,SIRP,26.8222222,,,Med,,,1,23307
Dylan Coleman,SIRP,23.8888888,1,1,Long,,1,-1,22276
John McMillon,SIRP,24.525,1,,Med,,-1,1,sa3015344
Christian Chamberlain,SIRP,23.0444444,-1,1,Med,,-1,1,sa3014486
Ben Hernandez,SIRP,21.0972222,1,,Med,,,-1,sa3014541
Carter Jensen,C,19.0916666,-1,-1,Med,50,,,sa3017339
Ronald Bolanos,SP,25.9527777,,,Long,,,-2,20041
Angel Zerpa,MIRP,22.8583333,-1,,Short,,1,1,22717
Darryl Collins,LF,20.7222222,-1,-1,Long,40,1,,sa3010154
Hayden Dunhurst,C,21.8805555,-2,,Med,60,1,,
Daniel Vasquez,SS,18.3333333,1,1,Long,60,-1,,sa392439
Alberto Rodriguez,RF,21.8333333,-1,1,Short,55,1,,sa3005603
Shane Panzini,SP,20.7666666,-1,-1,Short,,,1,sa3018257
Dominic Hamel,SP,23.4277777,,1,Med,,1,1,sa3017949
Travis Kuhn,SIRP,24.2111111,,1,Short,,1,1,sa3009928
Brewer Hicklen,LF,26.4916666,,2,Med,55,,,20450
Jose Butto,SP,24.3805555,1,1,Med,,1,1,23313
Gabriel Gonzalez,RF,18.5888888,-1,,Short,50,1,,sa3015723
Henry Ramos,RF,17.8777777,2,,Long,70,,,sa3018432
Joel Diaz,SP,18.4444444,1,1,Med,,,,sa3015500
Joseph Hernandez,SP,22.1416666,,1,Med,,1,1,sa3006385
Willy Fanas,CF,18.5361111,1,1,Med,50,,,sa3018389
Jonatan Clase,CF,20.2027777,,1,Short,45,,,sa3008787
Khalil Lee,RF,24.1111111,,1,Long,60,1,,19952
Michael Morales,SP,19.9805555,1,,Med,,,1,sa3017783
Mike Vasil,SP,22.3805555,-1,,Med,,,-1,sa3017915
Juan Then,SIRP,22.4972222,-1,1,Long,,,-1,sa3002793
Michel Otanez,SIRP,25.0916666,1,-2,Long,,,-2,sa932611
Jordany Ventura,MIRP,22.0833333,,1,Med,,,1,sa3008542
Luis Rodriguez,SP,19.675,1,1,Long,,,1,sa3017275
Victor Acosta,SS,18.1555555,-1,1,Short,60,-1,,sa3015705
Gerardo Carrillo,SIRP,23.8972222,1,-1,Med,,-1,-2,sa3002790
Sal Stewart,3B,18.6638888,-2,-1,Med,55,1,,
Armando Cruz,SS,18.5555555,-1,1,Short,50,,,sa3015695
Freddy Tarnok,SP,23.7,1,1,Med,,,,23324
Ricardo Cabrera,2B,17.7666666,-1,,Short,40,1,,sa3018405
Jake Irvin,SP,25.4666666,2,1,Long,,1,1,sa3008223
Ambioris Tavarez,3B,18.7333333,1,,Med,50,,,
Andrew Abbott,SP,23.1805555,,1,Med,,1,-1,sa3017529
Aldo Ramirez,SP,21.25,-1,1,Med,,1,2,sa3005371
Blake Burkhalter,MIRP,21.8805555,,,,,,,
Steve Hajjar,SP,21.9972222,2,1,Med,,,1,sa3018177
Drew Millas,C,24.5583333,1,2,Med,60,,,sa3014475
Alan Rangel,SP,24.9583333,1,1,Long,,1,1,sa877578
Levi Stoudt,MIRP,24.6722222,,,Med,,,,sa3014545
T.J. White,CF,19.0361111,2,2,Med,50,,,sa3017697
Brandol Mezquita,OF,21.0611111,,1,Med,55,,,sa3006201
Christian Roa,SP,23.3444444,,,Med,,1,1,sa3014477
Andry Lara,SP,19.5833333,-1,,Short,,1,,sa3014716
Drake Baldwin,C,21.3555555,,,,,,,
Jose Torres,SS,22.8555555,1,1,Med,60,,,sa3017396
Jose Torres,SS,22.8555555,1,1,Med,60,,,sa3017396
Daylen Lile,LF,19.6833333,,1,Short,45,-1,,sa3017698
Luke Waddell,2B,24.0638888,-2,-1,Short,30,2,,sa3017075
Mike Siani,CF,23.0555555,,1,Med,60,,,sa3008182
Trey Lipscomb,3B,22.1444444,,,,,,,
Braden Shewmake,SS,24.7138888,1,,Long,55,1,,sa3010332
Logan Tanner,C,21.7388888,,,Med,40,1,,
Max Castillo,SP,23.2555555,-2,-1,Short,,1,-1,21956
Sammy Infante,3B,21.1222222,1,1,Med,45,1,,sa3014717
Royber Salinas,SIRP,21.3222222,-2,-2,Med,,1,-1,sa3009243
Christian Encarnacion-Strand,3B,22.6805555,2,,Med,60,2,,sa3017756
Jake Alu,3B,25.3333333,-1,,Short,45,2,,sa3010009
Brooks Wilson,MIRP,26.3916666,,2,Short,,1,,sa3006966
Jared Solomon,SIRP,25.1555555,2,1,Long,,1,1,23425
Evan Lee,SIRP,25.1333333,-1,1,Short,,1,1,24988
Victor Vodnik,SIRP,22.825,-1,,Short,,,-1,sa3008527
Daniel Duarte,SIRP,25.6722222,-1,-1,Short,,1,-1,17480
Zach Brzykcy,SIRP,23.0666666,,1,Med,,1,1,sa3014984
Jesse Franklin V,CF,23.6805555,,-1,Med,40,1,,sa3014532
Ivan Johnson,2B,23.8194444,1,1,Med,45,,,sa1169627
Cory Abbott,SP,26.8777777,,,Med,,,,20277
Cal Conley,DH,23.0527777,,-1,Med,40,,,sa3017080
Jackson Miller,C,20.5916666,1,,Med,50,-2,,sa3014529
Seth Shuman,SP,24.6805555,,1,Short,,1,1,sa3011187
Kenya Huggins,SP,19.65,-1,,Med,,,-1,
Israel Pineda,C,22.3416666,1,,Med,40,,,22906
Vin Timpanelli,SIRP,23.8444444,,1,Short,,2,1,sa3014814
TJ Friedl,CF,26.9777777,-1,1,Short,45,1,,19522
Stuart Fairchild,CF,26.3861111,,1,Short,60,1,,20321
Kyren Paris,2B,20.7361111,,1,Short,40,,,sa3011768
Alejandro Hidalgo,SP,19.2055555,,-1,Med,,,-1,sa3015151
Mason Erla,MIRP,24.9638888,,-1,Long,,-1,-2,sa3017685
Reggie Crawford,SIRP,21.6722222,,,Short,,-1,-2,
Jadiel Sanchez,RF,21.2388888,1,,Short,55,,,sa3011629
Will Wilson,2B,24.0416666,-1,-1,Short,45,,,sa3009871
Jake Madden,SIRP,20.6111111,1,1,Long,,,-1,
Randy Vasquez,MIRP,23.7583333,-1,1,Short,,1,-1,sa3007933
Tristan Beck,SP,26.1166666,,,Med,,1,1,sa3008526
Ben Joyce,SIRP,21.8861111,,,Long,,,-1,
Marcos Cabrera,3B,20.8222222,1,,Med,60,,,sa3008890
Ryan Murphy,SP,22.8277777,,,Med,,1,1,sa3014871
Mickey Moniak,CF,24.2305555,,,Med,50,,,19956
Anthony Garcia,RF,21.9194444,1,-1,Med,60,,,sa3005924
Landen Roupp,SP,23.9055555,,,Short,,1,,sa3017869
Orlando Martinez,LF,24.4694444,,,Short,55,1,,sa3006664
Matt Sauer,SP,23.5416666,1,,Long,,,-1,sa3005118
Ricardo Genoves,C,23.2277777,1,,Long,60,,,sa916844
Coleman Crow,MIRP,21.6,,1,Med,,1,,sa3015142
Trystan Vrieling,SP,21.8444444,1,1,Short,,,,
Tristan Peters,RF,22.4333333,,1,Med,55,2,,sa3017851
Tucker Davidson,MIRP,26.3638888,-1,,Med,,,,19871
Brock Selvidge,MIRP,19.9388888,1,,Long,,-2,-1,sa3017950
Thomas Szapucki,MIRP,26.15,-1,,Short,,,-1,21065
Davis Daniel,SIRP,25.1527777,1,1,Med,,1,1,sa3015037
Brendan Beck,SP,23.8333333,,,Short,,2,1,
Randy Rodriguez,SIRP,22.9194444,,1,Short,,1,,sa3006366
Mason Albright,SP,19.6944444,-1,,Med,,,1,sa3017847
Nick Zwack,SP,24.0138888,,,Long,,1,,sa3017867
Walbert Urena,SP,18.5305555,,1,Med,,,-2,sa3018298
Sam Delaplane,SIRP,27.3583333,,,Med,,,,sa3004222
Adam Seminaris,MIRP,23.7972222,1,1,Med,,1,1,sa3015010
Adrian Sugastey,C,19.7861111,-1,-1,Med,45,1,,sa3015190
Fernando Guanare,SP,19.125,1,1,Med,,1,,sa3015496
Sean Hjelle,SP,25.2472222,1,1,Long,,1,1,21481
Kolton Ingram,SIRP,25.7916666,,,,,,,sa3011149
David Villar,3B,25.525,,,Med,45,2,,24782
Brett Auerbach,C,23.9416666,-1,1,Short,45,1,,sa3014941
Cade Povich,SP,22.3166666,2,1,Long,,1,1,sa3017787
Carter Baumler,SP,20.5166666,1,,Med,,-2,1,sa3014480
Darell Hernaiz,SS,21.0083333,1,1,Med,55,1,,sa3011309
Hudson Haskin,CF,23.6,,1,Short,60,1,,sa3014449
Max Wagner,3B,20.9638888,,1,Med,60,1,,
Jean Pinto,SIRP,21.575,-1,,Med,,1,-1,sa3011803
Chayce McDermott,SP,23.9555555,1,,Long,,-1,-1,sa3017420
Mishael Deson,LF,20.0805555,2,,Long,45,1,,sa3008828
Joseph Ortiz,SS,24.0611111,,1,Med,55,,,sa3009889
Donta' Williams,CF,23.1,,1,Short,,,,sa3017152
Mike Baumann,SIRP,26.9055555,1,-1,Long,,1,-2,20206
Kyle Brnovich,SP,24.7944444,,,Med,,1,,sa3014923
Maikol Hernandez,SS,18.8388888,1,1,Long,60,,,sa3015712
Kevin Guerrero,RF,18.3027777,2,1,Med,60,1,,sa3015737
Carter Young,SS,21.4805555,-1,1,Short,60,,,
Alex Wells,SP,25.4416666,-1,,Med,,2,1,19845
Chris Vallimont,MIRP,25.3833333,,,Short,,,-1,sa3008026
JP Sears,SP,26.4638888,,2,Short,,1,1,23429
Adam Oller,SP,27.8027777,2,,Long,,1,1,20132
Tommy Mace,SP,23.7361111,1,,Med,,,,sa3018140
Zach Logue,SP,26.2861111,-1,,Short,,2,1,20231
Jaison Chourio,RF,17.2138888,1,1,Long,50,,,sa3018399
Denzel Clarke,CF,22.2638888,2,2,Long,,,,sa3017426
Peyton Battenfield,MIRP,24.9888888,-1,-1,Med,,1,1,sa3010133
Joey Estes,SP,20.8277777,,1,Med,,1,1,sa3011637
Lenny Torres,SP,21.8083333,1,2,Med,,-1,,sa3008329
Euribiel Angeles,3B,20.2361111,-1,,Med,50,1,,sa3008877
Robert Lopez,C,18.5944444,-1,1,Short,55,1,,sa3016641
Garrett Acton,SIRP,24.1416666,-1,,Short,,,,sa3014787
Tanner Burns,SP,23.6055555,-1,,Short,,1,,sa3014451
Blake Beers,SP,24.0583333,1,1,Med,,,,sa3018004
Joe Lampe,CF,21.6694444,1,1,Med,45,,,
Jacob Watters,SIRP,21.425,,,Med,,,-1,
Austin Love,SP,23.5277777,1,-1,Long,,1,-1,sa3017609
Doug Nikhazy,SP,22.9861111,-1,1,Short,,1,1,sa3018110
Mason Miller,SIRP,23.95,1,,Long,,,,sa3017934
Ian Bedell,SP,22.9194444,,-1,Med,,2,1,sa3014538
Richie Palacios,DH,25.2222222,1,1,Short,30,,,24589
Jorge Juan,SP,23.4166666,2,,Long,,,1,sa3005826
Brycen Mautz,SP,21.0527777,1,,Med,,,,
Hunter Gaddis,MIRP,24.325,-1,,Long,,,,25636
Brent Honeywell Jr.,SP,27.35,,1,Long,,,,16466
Leonardo Bernal,C,18.4805555,,,Med,55,,,sa3015773
Josh Wolf,MIRP,21.9305555,-1,1,Long,,,-1,sa3011638
Christian Fernandez,SP,22.9861111,1,1,Med,,1,1,sa917688
Freddy Pacheco,SIRP,24.3027777,1,1,Long,,1,-1,sa3006164
Milan Tolentino,SS,20.7194444,-1,,Short,55,,,sa3014544
Cody Thomas,RF,27.8277777,2,1,Long,60,1,,19828
Lizandro Espinoza,SS,19.7111111,-1,1,Short,50,1,,sa3015611
Jack Weisenburger,SIRP,24.8277777,,-1,Long,,,-1,sa3011607
Joshua Baez,RF,19.1055555,2,1,Long,55,-1,,sa3017022
Pedro Pineda,CF,18.9166666,1,1,Long,60,-1,,sa3015703
Packy Naughton,MIRP,26.3055555,,1,Med,,1,,23292
Luis Barrera,CF,26.725,1,1,Long,70,,,19615
Inohan Paniagua,SP,22.5,-1,2,Short,,1,,sa3006417
Michael Guldberg,CF,23.1222222,,1,Short,55,,,sa3014822
Logan Davidson,SS,24.6388888,1,1,Long,60,-1,,sa918676
Peter Heubeck,SP,20.0388888,1,1,Long,,,1,sa3017936
Brian Howard,SP,27.2805555,1,1,Long,,1,1,sa918377
James Outman,CF,25.2277777,1,1,Med,55,1,,24770
Thayron Liranzo,C,19.0861111,1,,Med,45,,,sa3015790
Jesus Galiz,C,18.6583333,,,Med,70,-1,,sa3015700
Maximo Martinez,SP,18.125,-1,,Short,,1,1,sa3016026
Nick Robertson,SIRP,24.0555555,1,,Long,,,1,sa3011248
Reny Artiles,SP,20.5527777,,,Med,,,,sa3008716
Kirby Snead,SIRP,27.8305555,,,Med,,,-1,19179
Nathanael Heredia,SIRP,21.9055555,,-1,Long,,,,sa3009986
Trey Benton,SIRP,24.1333333,,,Long,,,,sa3015034
Junior Perez,RF,21.0888888,,1,Med,50,-1,,sa3005744
Edwin Nunez,SIRP,20.7527777,1,,Med,,-1,1,sa3014813
Jacob Zibin,SP,17.5166666,,1,Med,,,-1,
Eduardo Rivera,SIRP,19.1472222,1,1,Long,,,,sa3017951
Randel Clemente,SIRP,20.7194444,2,,Long,,,,sa3016003
Nic Enright,SIRP,25.5777777,,,Short,,,,sa3010299
Dany Jimenez,SIRP,26.6194444,1,,Long,,,-1,21170
Alec Willis,SP,19.35,1,,Long,,,1,sa3017992
Wandisson Charles,SIRP,25.9138888,2,,Long,,-1,-1,sa874818
Aiden McIntyre,SIRP,26.9416666,1,1,Long,,,2,sa3007733
Stevie Emanuels,SP,23.5166666,,,Long,,-1,1,sa3014698
Carson Taylor,C,23.1777777,,-1,Med,40,1,,sa3014468
Juan Alonso,CF,18.7583333,,1,Short,55,-1,,sa3016331
River Ryan,SP,23.9694444,,1,Short,,-1,,sa3016863
Yeiner Fernandez,C,19.8805555,-1,1,Short,40,1,,sa3015182
Kyle Hurt,MIRP,24.1833333,1,-1,Med,,-1,1,sa3016453
Ryan Ward,LF,24.4527777,,-1,Med,30,2,,sa1169792
Brandon Lewis,1B,23.7861111,,-1,Med,60,1,,sa3010035
Alex Freeland,3B,20.95,,,,,,,
Jose Hernandez,SIRP,24.6,,,Long,,,,sa928463
Guillermo Zuniga,SIRP,23.8222222,-1,-2,Long,,,,sa945024
Tanner Dodson,SIRP,25.2416666,,1,Med,,,,sa3007008
Carlos De Los Santos,SIRP,21.7166666,-1,,Short,,-1,,sa3005448
Madison Jeffrey,SIRP,22.3944444,-1,,Med,,-1,,sa3018206
Jorge Gonzalez,SIRP,19.9333333,,,Med,,,,sa3009504
Nelson Quiroz,C,20.7527777,-1,,Short,40,1,,sa3009565
Robinson Ortiz,MIRP,22.5888888,-1,,Long,,,-1,sa3004006
Christopher Campos,SS,21.9805555,,,,,,,
Cutter Coffey,SS,18.2083333,,,,,,,
Roman Anthony,OF,18.2305555,,,,,,,
Freili Encarnacion,3B,17.5277777,1,1,Med,55,,,sa3018414
Eduardo Lopez,CF,20.2444444,,1,Med,55,,,sa3009275
Luis Perales,SIRP,19.3111111,,1,Long,,,1,sa3014677
Kendall Simmons,SS,22.3194444,,,Med,55,,,sa3006867
Zack Kelly,SIRP,27.425,,,Med,,,,20349
Jamari Baylor,2B,22.0027777,,1,Short,55,,,sa3011446
Chris Murphy,MIRP,24.1694444,1,,Med,,,,sa3011431
Damon Jones,SIRP,27.85,1,-1,Long,,1,-1,23310
Wilyer Abreu,LF,23.1166666,-1,,Med,45,1,,sa3005082
Andrew Schultz,SIRP,25.0166666,,,Med,,,-1,sa3010782
Jeter Downs,2B,24.025,,,Med,50,1,,22202
Blake Brown,SIRP,23.9666666,,1,Med,,,-1,sa3014847
Alex Binelas,3B,22.1944444,-1,-1,Short,40,1,,sa3017044
Nikau Pouaka-Grego,2B,17.8972222,-1,1,Short,45,,,sa3018959
Bradley Blalock,SP,21.6138888,1,,Long,,-2,-1,sa3011809
Andrew Baker,SIRP,22.3666666,1,1,Long,,-1,-1,sa3017196
Andrew Politi,SIRP,26.1722222,,,Long,,,,sa3007243
Alex McFarlane,SIRP,21.1583333,2,2,Long,,,-2,
Mason Montgomery,SP,22.1361111,1,1,Med,,1,1,sa3017306
Juan Daniel Encarnacion,SP,21.35,1,1,Long,,,,sa3008697
Juan Guerrero,LF,20.9055555,,,Long,50,,,sa3008759
Michael Plassmeyer,SP,25.7527777,-1,,Med,,,,23191
Angel Bastardo,SIRP,20.1333333,,1,Long,,,-1,sa3009716
Angel Chivilli,SIRP,20.0222222,,,Long,,,-1,sa3009470
Rafael Marcano,SIRP,22.2944444,,,Short,,1,1,sa3008330
Dalton Rogers,SIRP,20.55,,,Short,,,,
Ronaiker Palma,C,22.5944444,-1,2,Short,60,,,sa3005624
Dominic Pipkin,SIRP,22.7527777,2,1,Long,,,,sa3007896
Max Ferguson,2B,22.9527777,2,1,Med,45,1,,sa3016819
Riley Pint,SIRP,24.75,2,1,Long,,-2,-2,sa917922
Jean Cabrera,SP,20.7944444,2,,Long,,,1,sa3015433
Chase Meidroth,LF,21.0361111,,,Short,,,,
Jackson Cox,SP,18.8638888,,1,Med,,,-1,
Gunner Mayer,SIRP,22.025,2,1,Med,,,2,sa3011199
Enderso Lira,C,18.8194444,,,Long,50,,,sa3016145
Michael Toglia,1B,23.9722222,1,-1,Med,55,-1,,25845
Jose Pena Jr.,SIRP,19.0777777,1,1,Med,,,1,sa3017821
Ryan Cermak,RF,21.1777777,,,,,,,
Chih-Jung Liu,SIRP,23.3305555,-1,1,Med,,-1,-1,sa3014675
Blair Calvo,SIRP,26.4416666,,,Long,,,-1,sa3010116
Gabriel Rincones Jr.,OF,21.425,,,,,,,
Brock Jones,RF,21.3555555,,,Med,,,,
Brendan Cellucci,SIRP,24.1,2,,Med,,,-1,sa3011710
Gavin Hollowell,SIRP,24.7555555,,,Long,,,-1,25427
Baron Radcliff,1B,23.4916666,,-1,Med,40,,,sa3014424
Ryan Spikes,2B,19.3972222,,1,Short,,,,sa3017792
Jeremy Wu-Yelland,SIRP,23.1166666,,,Short,,,-1,sa3014520
PJ Poulin,SIRP,26.0305555,,1,Short,,1,,sa3007223
Nicoly Pina,SIRP,22.8277777,-1,,Med,,,,sa3005875
Jose Lopez,MIRP,23.475,1,,Long,,,-1,sa3003055
Noah Dean,SIRP,21.4055555,,,Long,,,-2,
Carson Palmquist,MIRP,21.8027777,1,1,Long,,,1,
Starlyn Castillo,SIRP,20.45,-1,,Med,,,,sa3011608
Brendan McKay,SP,26.6333333,,1,Short,,-2,1,20186
Tyler Dearden,LF,24.0833333,1,1,Med,40,,,sa3005103
Bryan Perez,SP,18.9111111,,,Med,,,,sa3016515
Marcus Lee Sang,RF,21.5944444,,1,Med,60,,,sa3011445
Brett Wisely,2B,23.2444444,,,Short,,,,sa1170003
Elmer Rodriguez-Cruz,SIRP,18.9666666,2,1,Long,,,,sa3019459
Will Ethridge,SP,24.6277777,1,-1,Short,,1,1,sa3011337
Yhoswar Garcia,CF,20.8972222,2,1,Short,,,,sa3015117
Gary Gill Hill,SP,17.8777777,,,,,,,
Naysbel Marcano,C,20.2027777,-1,1,Med,60,,,sa3008804
Ryan Vilade,LF,23.4666666,,-1,Med,40,1,,22165
Antony Peguero,RF,17.1444444,,,Long,50,,,sa3018630
Victor Munoz,SP,21.6138888,,-1,Med,,,,sa3006381
Durbin Feltman,SIRP,25.3,-1,1,Med,,,1,sa3007959
Julian Fernandez,SIRP,26.6694444,,,Long,,,-2,18341
Zach King,SP,24.2666666,,,,,,,sa3011592
Hunter Barnhart,SP,20.4777777,1,,Long,,-1,1,sa3014467
Alex Hoppe,SIRP,23.6361111,,,,,,,
Jordan McCants,SS,20.2083333,1,1,Med,45,,,sa3017294
Matt Dyer,C,24.0611111,1,1,Long,60,,,sa3014883
Cam Cannon,2B,24.8055555,-1,-1,Short,50,1,,sa3011467
Osiris Johnson,CF,21.8,,1,Long,50,,,sa3008110
Ronny Simon,3B,22.3027777,,,Med,,,,sa3008365
Nick Decker,RF,22.8444444,,1,Med,50,-2,,sa3008590
Luis Vizcaino,SP,21.075,,,,,,,sa3011812
Xavier Isaac,1B,18.6361111,,,,,,,
Reidis Sena,SIRP,21.3305555,,,Short,,,,sa3009626
Andrew Nardi,MIRP,23.9666666,,,Low,,1,,25942
Josh Roberson,SIRP,26.2333333,,1,Long,,,,sa3007721
Bryan Gonzalez,RF,20.8833333,1,,Long,45,,,sa3008805
Jerar Encarnacion,DH,24.7888888,,,Med,55,,,21871
Yoniel Curet,SP,19.7583333,1,1,Med,,,1,sa3015446
Dylan Spacke,SIRP,24.4027777,,,Med,,,,sa3010812
Javier Sanoja,SS,19.925,-2,1,Short,35,,,sa3015564
Evan Reifert,SIRP,23.2277777,1,1,Long,,,-1,sa3014860
Wyatt Olds,SIRP,23.0027777,,,Long,,,,sa3017539
Karson Milbrandt,SP,18.2916666,,,,,,,
Justin Sterner,SIRP,25.9361111,-1,-1,Short,,2,-1,sa3014864
Marcus Johnson,SP,21.6527777,,,,,,,
Jhonny Piron,CF,18.1777777,1,1,Med,55,-1,,sa3015702
Evan Fitterer,SP,22.1111111,,,Long,,,,sa3011433
Chris Muller,SIRP,26.2888888,,,Med,,,,sa3006811
Will Stewart,MIRP,25.0611111,,,Med,,,,sa875247
Alejandro Pie,3B,20.5166666,2,1,Long,60,,,sa3008754
Josh White,MIRP,21.7,,,Short,,,-1,
Trevor Martin,SIRP,21.6416666,,,,,,,
Zach McCambley,MIRP,23.2861111,,,Med,,,,sa3014478
Dominic Keegan,1B,22.0138888,,,,,,,
Luis Palacios,SP,22.0972222,,,,,,,sa3003021
Johan Lopez,2B,22.0222222,1,,Med,,,,sa3003228
Linse Carvajal,SIRP,23.6694444,-1,1,Med,,-2,1,sa3016841
Alexander Alberto,SP,20.7611111,2,,Long,,-1,,sa3015986
Cade Halemanu,SIRP,21.9916666,2,,Long,,,,
Neraldo Catalina,SIRP,22.125,2,,Med,,-1,,sa1172730
Joel Peguero,SIRP,25.2527777,1,1,Med,,-1,-1,sa917689
Angel De Jesus,SIRP,25.4805555,1,-1,Long,,,-1,22323
Franklin Perez,SP,24.6666666,2,,Med,,,-1,sa873722
Tyler Mattison,SIRP,22.9194444,1,1,Long,,-1,,sa3018117
Andre Lipcius,3B,24.2055555,,,Med,55,1,,sa3010401
Brendon Davis,SS,25.0222222,,1,Long,60,-1,,sa875089
Jose De La Cruz,RF,20.5916666,-1,,Med,60,,,sa3008747
Keider Montero,SIRP,22.0833333,-1,,Med,,,1,sa3002956
Dylan O'Rae,2B,18.4777777,,,,,,,
Alec Bettinger,SP,27.0638888,,-1,Med,,1,,20312
Edwin Jimenez,SP,20.65,1,1,Med,,1,1,sa3010800
Matt Wood,C,21.4277777,,,,,,,
Mario Feliciano,C,23.7111111,,,Med,55,,,20263
Justin Topa,SIRP,31.4138888,1,-1,Long,,,,15145
Victor Castaneda,MIRP,23.9416666,-1,-1,Short,,,,sa978399
Will Rudy,SP,21.2472222,,,,,,,
Richard Gallardo,SP,20.9166666,-1,1,Short,,,,sa3009990
Eduarqui Fernandez,RF,20.7111111,2,1,Long,60,-1,,sa3008749
Eury Ramos,SIRP,24.8222222,2,,Med,,,,sa873729
Nick Bennett,MIRP,24.9305555,,-1,Long,,,,sa3011410
Blake Cederlind,SIRP,26.5888888,1,-1,Med,,,-1,20344
Yovanny Cruz,SP,22.9527777,-1,-1,Med,,-1,,sa3002951
Ben Metzinger,3B,23.1111111,,,,,,,
Owen Kellington,SP,19.5027777,,,Med,,,1,sa3018801
Riley Thompson,MIRP,26.075,,,Long,,,,sa876287
Hobie Harris,SIRP,29.1194444,2,,Med,,-1,1,sa876068
Jack Brannigan,SIRP,21.4027777,,,,,,,
Yosy Galan,RF,21.2805555,2,1,Long,60,,,sa3015202
Kervin Castro,SIRP,23.4972222,-2,-1,Short,,,1,21656
Cam Robinson,SIRP,22.9166666,,1,Med,,1,1,sa3005216
Omar Cruz,SP,23.5277777,-1,,Short,,,,sa3006971
Trevor Hauver,LF,23.7111111,,-1,Med,40,1,,sa3014448
Alexander Vizcaino,SIRP,25.2055555,1,1,Long,,1,-2,sa920272
Will Wagner,2B,24.0194444,,,Med,40,1,,sa3017079
Clayton Andrews,SIRP,25.5888888,-1,2,Short,,1,1,sa3007226
Santiago Florez,SIRP,22.2416666,1,-1,Long,,,1,sa3003026
Jake Latz,SP,26.3277777,1,,Long,,,,21306
Ethan Roberts,SIRP,25.0888888,,1,Short,,2,1,24930
J.C. Correa,C,23.8916666,-1,,Short,50,,,sa3014823
Lucas Erceg,SIRP,27.2638888,1,1,Long,,-1,1,sa872722
Tahnaj Thomas,SIRP,23.1388888,2,1,Short,,-2,2,sa3003066
Yohel Pozo,C,25.1444444,-1,-2,Short,45,1,,18848
Jordan Nwogu,CF,23.4055555,1,1,Med,45,-1,,sa3014530
Parker Mushinski,SIRP,26.7055555,-1,1,Short,,1,1,21324
Max Lazar,MIRP,23.175,,,Long,,2,1,sa3005163
JP Massey,SP,22.3472222,2,1,Long,,,2,
Nick Snyder,SIRP,26.8222222,,,Med,,,,23493
Koen Moreno,SP,21.0138888,1,1,Med,,,,sa3014509
Zavier Warren,3B,23.5777777,1,,Med,60,1,,sa3014549
Eddy Yean,SP,21.1138888,-1,,Med,,,1,sa3006543
Ian Moller,C,19.7777777,1,1,Short,60,1,,sa3017171
Yeison Santana,SS,21.6638888,,1,Med,60,-1,,sa3005730
Luis Baez,RF,18.5694444,1,,Long,55,1,,sa3018482
Lolo Sanchez,CF,23.2861111,,1,Med,55,-1,,sa917767
Lucas Jacobsen,SIRP,27.0972222,,,Long,,,,sa918634
Cayne Ueckert,SIRP,26.1888888,,1,Long,,1,,sa3010789
Cristian Gonzalez,SS,20.7888888,2,1,Long,60,-1,,sa3008771
Tucupita Marcano,2B,22.8888888,-2,,Med,50,1,,22871
Ricky Vanasco,MIRP,23.8138888,,,Med,,,-1,sa3004863
Luis Verdugo,SS,21.8166666,1,1,Med,60,,,sa3006888
J.J. Matijevic,1B,26.7277777,,,Med,30,1,,20165
Brennan Malone,SP,21.9111111,,1,Med,,,,sa3011741
Hever Bueno,SIRP,27.7027777,-1,,Med,,,-1,sa738180
Anderson Espinoza,SP,24.4083333,,,Med,,-2,,18593
Misael Tamarez,MIRP,22.5555555,1,,Med,,,-1,sa3009632
Blake Sabol,C,24.5805555,2,,Long,40,,,sa3010269
Cody Freeman,C,21.5861111,-1,,Short,50,1,,sa3010153
Matt Mervis,1B,24.3055555,,-1,Med,,,,sa3015051
Edinson Batista,SP,20.2138888,,1,Short,,1,1,sa3009266
Hunter Stratton,SIRP,25.7194444,,,Med,,,,sa3004216
Josh Gessner,MIRP,22.1138888,,1,Med,,1,,sa3011658
Burl Carraway,SIRP,23.1916666,,,Med,,,,sa3014495
Spencer Arrighetti,SIRP,22.5944444,,,Med,,,,sa3017537
Trey McGough,SP,24.3527777,,,Med,,,,sa1170436
Daniel Robert,SIRP,27.9333333,,,Med,,1,,sa3009856
Esteban Quiroz,2B,30.4694444,-1,-1,Short,45,2,,19780
Miguel Ullola,SIRP,20.1305555,-1,1,Short,,,,sa3016504
Tsung-Che Cheng,SS,21.0833333,-2,,Short,55,2,,sa3015376
Ryder Ryan,SIRP,27.2361111,,,Long,,,,sa829853
Ismael Mena,CF,19.6833333,1,1,Long,70,,,sa3014703
Ronel Blanco,SIRP,28.9333333,,1,Short,,-1,-1,19407
Jackson Glenn,2B,24.7833333,-1,,Short,40,,,sa3017478
Davis Wendzel,SS,25.2027777,,,Med,60,,,sa3011890
Greg Deichmann,RF,27.1833333,1,-1,Med,55,,,19872
Jaime Melendez,SIRP,20.8611111,-1,,Short,,,,sa3010660
Fernery Ozuna,SIRP,26.7416666,,1,Med,,-1,,sa739259
Andrew Taylor,SP,20.8694444,,,,,,,
Scott Engler,SIRP,25.65,,,Med,,1,,sa918353
Collin Price,C,22.725,,,,,,,
Yeferson Tineo,SS,18.8222222,-1,2,Short,55,1,,sa3015726
Dauri Lorenzo,SS,19.7694444,1,1,Short,50,-1,,sa3014685
Cameron Cauley,SS,19.5,-1,1,Short,50,,,sa3017167
Alex Santos II,SP,20.4888888,1,,Med,,-1,1,sa3014684
Edwar Colina,SIRP,25.2583333,-2,-2,Short,,1,-1,20589
J.P. France,MIRP,27.3388888,-1,,Short,,1,,sa3008310
Julio Robaina,MIRP,21.3694444,-1,-1,Med,,1,-1,sa3006817
A.J. Blubaugh,SIRP,22.0888888,,,,,,,
Tim Borden,2B,22.9305555,,,,,,,
Jordan Brewer,CF,25.0138888,2,1,Med,60,,,sa3011737
Tyler Whitaker,RF,20.0111111,1,1,Long,55,-2,,sa3017376
Yendry Rojas,3B,17.525,-1,-1,Med,40,1,,sa3018418
Sean Mooney,SP,24.5694444,,,Short,,,,sa3014913
Brett Sullivan,C,28.4555555,,,Med,40,1,,sa857232
Andrew Morris,SIRP,20.9305555,,,,,,,
Kevin Kopps,SIRP,25.4277777,,1,Med,,2,,sa3017005
Will Holland,2B,24.3,1,2,Med,55,-1,,sa3011204
Jackson Wolf,MIRP,23.2888888,1,,Long,,1,-1,sa3017384
Yilber Herrera,SS,17.5583333,,,Med,50,,,sa3018425
Nathan Martorella,1B,21.4666666,,,,,,,
Cristian Mena,SP,19.625,1,1,Med,,,1,sa3015302
Keoni Cavaco,3B,21.1777777,2,1,Long,55,-2,,sa3010706
Jairo Iriarte,MIRP,20.6416666,1,1,Med,,,-1,sa3010798
Kade McClure,SP,26.4833333,,-1,Long,,1,,sa915622
Christian MacLeod,SP,22.3166666,,,Med,,,1,sa3018005
Pedro Avila,SP,25.5611111,-1,-1,Short,,,,18864
Davis Martin,SP,25.5888888,1,,Med,,1,1,21448
Jovani Moran,SIRP,25.2833333,-1,-1,Long,,,-1,20422
Kyle Tyler,SP,25.6083333,,,Med,,1,2,22092
Eric Adler,SIRP,21.8166666,,,,,,,
Steven Cruz,SIRP,23.1416666,2,,Long,,,-1,sa3003140
Ray Kerr,SIRP,27.9055555,1,1,Long,,,-2,23809
Andrew Dalquist,SP,21.7305555,1,1,Med,,-1,,sa3011841
Francis Peguero,SIRP,24.9861111,,,Long,,,,sa3005209
Marcos Castanon,2B,23.3694444,,-1,Short,40,,,sa3016818
Irv Carter,SP,19.8277777,1,1,Med,,1,2,sa3019239
Jonathan Stiever,SP,25.2333333,,-1,Med,,,,24584
Drew Strotman,SIRP,25.925,1,,Med,,,,sa3004584
Charlis Aquino,SS,20.7166666,,1,Long,60,-1,,sa3008895
Kendry Rojas,SIRP,19.6944444,,,Long,,1,,sa3016746
Jhosmer Alvarez,SIRP,21.1027777,,-1,Med,,,-1,sa3005437
Gil Luna,MIRP,23.0194444,-1,1,Short,,-1,-1,sa3017301
Juan Mendez,SIRP,23.8,1,,Long,,,-1,sa3015336
Chase Walter,SIRP,24.0277777,,-1,Med,,,-1,sa3015112
Chad Dallas,MIRP,22.1111111,-1,,Short,,1,,sa3018180
Alvin Guzman,CF,20.7944444,2,2,Long,70,-1,,sa3008748
Hunter Schryver,SIRP,27.3416666,,,Med,,,1,sa873263
Brayan Medina,SP,19.8333333,,1,Med,,,,sa3014705
Jackson Smeltz,SIRP,27.8944444,,,,,,,
Alex De Jesus,3B,20.3722222,1,,Med,60,,,sa3008842
Jose Herrera,C,25.45,-2,-1,Short,50,1,,17040
James Beard,CF,21.8666666,1,1,Med,40,-1,,sa3010038
Cory Lewis,SP,21.825,,,,,,,
Nerwilian Cedeno,SS,20.3888888,-1,1,Short,45,,,sa3010026
Adrian Pinto,CF,19.8722222,-1,,Short,50,1,,sa3015542
Jake Rice,SIRP,25.0472222,,,Med,,,,sa3017593
Tanner McDougal,SP,19.3416666,1,-1,Long,,-1,,sa3017471
Angel Felipe,SIRP,24.9333333,,-1,Long,,-1,,sa881181
Alan Roden,1B,22.6222222,,,,,,,
Kyle Nelson,MIRP,26.0777777,,1,Long,,,,20515
Yoan Aybar,SIRP,25.0916666,2,1,Long,,,,sa829086
Luis Meza,C,17.8111111,,,Long,55,,,sa506964
Ryan Bliss,2B,22.6472222,,,Short,,,,sa3016951
Tobias Myers,SP,24.0027777,1,1,Long,,,,sa918088
Sebastian Espino,3B,22.1861111,1,1,Med,45,,,sa3003347
Adrian Del Castillo,C,22.8583333,-2,-1,Med,45,1,,sa3016957
Zac Cook,CF,24.2694444,,1,Med,40,,,sa3015090
Mitchell Stumpo,SIRP,26.1361111,,,Long,,,,sa3011585
Trent Palmer,MIRP,23.3416666,-1,-1,Short,,,-1,sa3014491
Spencer Giesting,MIRP,21.0944444,2,1,Med,,,-1,
Tanner Morris,LF,24.9138888,1,-2,Med,30,1,,sa3009873
Levi Kelly,MIRP,23.2277777,1,,Long,,1,-1,sa3008500
Ryan Jennings,SIRP,23.1194444,,,,,,,
Justin Martinez,MIRP,21.0166666,1,,Med,,,-1,sa3005864
Manuel Beltre,SS,18.1583333,-1,,Short,50,2,,sa3015710
Yaifer Perdomo,SIRP,20.9722222,,,Med,,,,sa3009484
Graham Spraker,SIRP,27.3805555,1,1,Med,,,1,sa3004024
Jose Curpa,SS,22.4083333,,1,Short,45,1,,sa3002703
Jackson Rees,SIRP,28.0166666,-1,-2,Long,,1,-2,sa3007818
Blaze Alexander,SS,23.1527777,,1,Med,80,,,sa3007742
Adam Kloffenstein,SP,21.9472222,,-1,Long,,,,sa3008578
Christian Cerda,C,19.6083333,-1,-1,Med,45,1,,sa3015623
Chavez Young,CF,25.0777777,1,1,Med,60,,,sa918963
Nate Savino,SP,20.5333333,1,,Long,,-1,,
Cam Eden,CF,24.35,,1,Short,,1,,sa3009883
Jacob Steinmetz,SP,19.0472222,1,,Long,,,-1,sa3017976
Ryan Weiss,MIRP,25.6555555,2,,Long,,,,sa3007778
Christian Montes De Oca,SIRP,22.9333333,2,,Long,,,,sa3018207
Mason Barnett,SIRP,21.7472222,,,,,,,
Eric Cerantola,SIRP,22.2611111,1,1,Long,,-2,-2,sa3017914
Will Klein,SIRP,22.6888888,,-1,Med,,,,sa3014487
William Fleming,SP,23.4166666,,-1,Med,,,,sa3017314
Prelander Berroa,SIRP,22.3,-1,1,Short,,,-1,sa3005069
Nate Eaton,3B,25.6222222,1,1,Med,80,,,25055
Spencer Packard,LF,24.8166666,,,Med,40,1,,sa3016803
A.J. Block,SIRP,24.3055555,1,,Long,,1,,sa3014916
Penn Murfee,SIRP,28.2611111,,,Short,,1,1,25174
Samuel Valerio,SIRP,20.8277777,,-1,Long,,,-1,sa3009220
Jonah Tong,SP,19.1583333,,,,,,,
Cade Marlowe,CF,25.1166666,,,Med,40,1,,sa1170288
Juan Olmos,C,17.7055555,,1,Med,60,,,
Nick Meyer,C,25.4666666,,,Med,60,1,,sa3007826
Jimmy Joyce,SIRP,23.5638888,,1,Long,,1,,sa3016914
Ryan Ramsey,SP,21.55,,,,,,,
Grant Hartwig,SIRP,24.6333333,,-1,Med,,1,-1,sa3017599
Zach DeLoach,RF,23.9666666,,,Med,45,,,sa3014547
Kasey Kalich,SIRP,24.2805555,-1,,Long,,1,-1,sa1169633
Christian Scott,SP,23.1416666,1,,Long,,,-1,sa3017948
Riley O'Brien,SIRP,27.5,1,,Long,,1,1,20348
Anderson Paulino,SIRP,23.9,1,,Med,,-1,-1,sa3007991
Bryce Montes de Oca,SIRP,26.2861111,-1,-1,Long,,,-2,21319
Charlie Welch,C,22.4944444,,,Med,40,,,sa3016858
Ivan Castillo,2B,27.1833333,-1,1,Short,55,1,,15971
Tyler Stuart,SIRP,22.8277777,,,,,,,
Yeury Tatiz,SIRP,21.7055555,,1,Med,,,,sa3005812
Robbie Glendinning,3B,26.8333333,,,Med,40,1,,sa3004978
Junior Santos,SIRP,20.9722222,2,-1,Long,,,,sa3005470
Tyler Cleveland,MIRP,21.5972222,1,1,Med,,1,1,
Omar Florentino,SS,20.7777777,-1,1,Short,50,,,sa3008758
Jacob Reimer,3B,18.4555555,,,,,,,
Kaden Polcovich,2B,23.4583333,,1,Short,40,-1,,sa3014496
Luca Tresh,C,22.5694444,,-1,Med,60,,,sa3017394
Robert Dominguez,SP,20.6833333,1,,Long,,,,sa3014694
Natanael Garabitos,SIRP,22.0055555,,,Med,,,,sa3011099
Anthony Veneziano,SIRP,24.9305555,,,Long,,,-1,sa1115745
Raimon Gomez,SIRP,20.9166666,-2,1,Med,,,-1,sa3017645
Bryan Woo,SIRP,22.5166666,1,1,Long,,-2,1,sa3018290
Mack Anglin,SIRP,22.0861111,-1,,Long,,,-1,
Wyatt Young,2B,22.6694444,-2,-1,Short,40,,,sa3017081
Zach Haake,SIRP,25.8277777,1,,Long,,-1,-2,sa3008523
Chase Estep,2B,22.3166666,,,,,,,
Austin Cox,MIRP,25.3555555,-1,-1,Med,,-1,,sa3007777
Douglas Glod,3B,17.5444444,-1,,Short,40,1,,sa3019685
Cole Phillips,SP,19.1944444,1,1,Med,,,1,
Mason Denaburg,SP,22.9944444,,1,Long,,-2,,sa3010648
Seth Keller,SP,18.1944444,,,,,,,
Brenner Cox,OF,18.2361111,,,,,,,
Darius Vines,SP,24.2666666,,,Med,,,2,sa918848
Francisco Perez,SIRP,25.0444444,,,Med,,1,1,21018
Jesus Cruz,SIRP,27.3083333,-1,-1,Med,,,-1,20042
Carlos Jorge,2B,18.8722222,-1,1,Short,40,1,,sa3016722
Matt Cronin,SIRP,24.8777777,-1,-1,Med,,1,1,sa3011463
Jasseel De La Cruz,SIRP,25.1111111,1,,Long,,,-2,sa879559
Reiver Sanmartin,SP,26.3083333,1,1,Short,,,1,19754
Mitchell Parker,MIRP,22.8583333,1,,Long,,,,sa3014973
Austin Smith,SIRP,23.1222222,,,Med,,,,sa3017071
Andrew Moore,SIRP,22.9861111,1,,Long,,1,-1,sa3016795
Roismar Quintana,RF,19.5,,,Med,50,,,sa3014718
David McCabe,1B,22.3638888,,,,,,,
Alexis Diaz,SIRP,25.8555555,,1,Long,,,,21132
Jose A. Ferrer,SIRP,22.425,-1,,Short,,1,,sa3006373
Justyn-Henry Malloy,3B,22.4638888,,,Med,30,,,sa3017073
Stevie Branche,SIRP,25.2166666,1,1,Med,,1,1,sa3014866
Jared McKenzie,CF,21.2222222,,,Med,40,1,,
Tyler Collins,CF,19.4166666,,,Short,50,,,sa3017168
Braylin Minier,3B,19.1527777,-2,-2,Short,60,,,sa3015177
Lucius Fox,SS,25.0944444,,2,Med,55,-1,,18899
Adam Shoemaker,SIRP,19.7111111,2,-1,Long,,-1,,sa3017888
Chris McElvain,SP,21.8916666,,,,,,,
Reynardo Cruz,SP,20.7833333,1,1,Med,,,1,sa3016032
Luis Mey,SIRP,21.1166666,2,,Long,,-1,-2,sa3010130
Mark Kolozsvary,C,26.9222222,,1,Short,45,,,21304
Alejo Lopez,2B,26.2527777,-1,-1,Short,40,2,,21127
Trey Faltine,SS,21.5777777,,,,,,,
Bryce Hubbart,SP,21.1055555,-1,,Short,,1,1,
Kevin Abel,SP,23.4638888,,,Med,,2,,sa3017879
Joe Boyle,SIRP,22.9777777,-2,-1,Long,,-2,-2,sa3014498
Hector Rodriguez,2B,18.4027777,-2,,Short,40,2,,sa3015828
Anthony Seigler,C,23.1277777,,1,Med,60,-2,,sa3006894
Eric Yang,C,24.3611111,,-1,Med,45,1,,sa1169769
Mitch Spence,MIRP,24.25,-1,,Short,,1,,sa1169885
Justice Thompson,CF,22.0777777,1,,Long,45,,,sa3017395
Nicio Rodriguez,SIRP,22.925,1,-1,Long,,,-2,sa3011194
Dauri Moreta,SIRP,26.3083333,,1,Med,,1,1,21101
Tyrone Yulie,SIRP,21.0055555,,,Long,,,-1,sa3010246
Ryder Green,RF,22.2527777,1,1,Med,60,1,,sa3007875
Alexander Ramirez,RF,19.9361111,1,1,Med,60,1,,sa3008757
Denny Larrondo,SP,20.1833333,1,2,Long,,,1,sa3010654
Natanael Santana,RF,21.025,2,2,Med,50,-2,,sa3008950
Madison Santos,CF,22.9166666,,1,Med,55,-1,,sa3006206
William Kempner,SIRP,21.1333333,,,,,,,
Michael Stefanic,2B,26.45,,,,,,,25353
Fidel Montero,RF,18.6305555,1,,Long,70,,,sa3015856
Trevor McDonald,MIRP,21.4444444,1,1,Med,,,,sa3011835
Jhonathan Diaz,SP,25.8972222,-1,,Med,,1,,20298
Edgar Barclay,SIRP,24.1972222,,,Short,,1,1,sa1170012
Hunter Bishop,LF,24.1138888,1,1,Med,20,,,sa3011413
Landon Marceaux,SP,22.8277777,,,Med,,1,-1,sa3017913
Brandon Lockridge,CF,25.3944444,,1,Med,40,,,sa3006856
Grant McCray,CF,21.6638888,1,1,Long,,,,sa3010042
Jack Kochanowicz,SP,21.6222222,1,,Long,,,1,sa3014539
Anthony Hall,RF,21.4916666,,,Long,,,,
Hayden Cantrelle,2B,23.6972222,,2,Short,45,,,sa3014426
Nelson Rada,RF,16.9472222,1,,Long,,,,sa3018421
Josh Breaux,C,24.8305555,,,Long,60,-1,,sa3008051
Jorge Guzman,SIRP,26.5222222,,-1,Short,,,-1,17505
Jose Marte,SIRP,26.1444444,,,Long,,,-1,21761
Cole Waites,SIRP,24.1555555,2,1,Long,,-1,-1,25665
Elvis Peguero,SIRP,25.3777777,1,,Long,,,-1,21652
Onil Perez,C,19.9055555,,1,Med,,,,sa3015610
Oliver Ortega,SIRP,25.8444444,,1,Med,,1,-1,21025
Julio Rodriguez,SIRP,22.4888888,1,,Long,,,,sa3007992
Robinson Pina,SIRP,23.6944444,1,,Long,,-1,-1,sa3003123
Tyler Fitzgerald,SS,24.8916666,1,1,Med,55,,,sa3011257
Luke Murphy,SIRP,22.7527777,,,Long,,,,sa3017653
Seth Corry,MIRP,23.7583333,-1,-1,Med,,1,-2,sa3004648
Austin Warren,SIRP,26.2527777,,1,Med,,,,24937
Jose Cruz,SIRP,22.2166666,,1,Med,,,-1,sa3006383
Victor Mederos,SP,21.1611111,,-1,Med,,-1,-1,
Ryan Walker,SIRP,26.6944444,-1,,Med,,1,1,sa3007594
Kelvin Caceres,SIRP,22.5277777,,1,Short,,,-2,sa3005876
Ian Villers,SIRP,21.9305555,1,,Long,,-1,-1,sa3017303
Jose Salvador,SIRP,22.875,,1,Long,,1,,sa3006482
Gerelmi Maldonado,SP,18.625,1,,Med,,,,sa3016018
David Calabrese,CF,19.8611111,,,Short,40,1,,sa3014507
Mat Olsen,SIRP,22.0777777,-1,1,Short,,,1,sa3017882
Connor Higgins,SIRP,26.0416666,,-1,Long,,1,,sa3006808
Carson Ragsdale,SP,24.1972222,1,,Long,,,1,sa3014922
Ivan Armstrong,MIRP,22.025,-1,-1,Med,,1,,sa3006358
Blake Rivera,SIRP,24.575,-1,1,Med,,,-1,sa3008261
Jose Soriano,SIRP,23.7944444,1,-1,Long,,-1,-1,sa916702
Jimmy Glowenke,2B,23.1694444,-1,-1,Short,50,1,,sa3014548
Kai-Wei Teng,MIRP,23.6805555,-1,,Med,,,,sa3007229
Felix Bautista,SIRP,27.1277777,,-2,Long,,,-1,20666
Silas Ardoin,C,21.8805555,,,,,,,
Yaqui Rivera,SP,19.0472222,,,,,,,sa3015504
Brandon Young,SP,23.9638888,,,Med,,1,1,sa3014926
Zach Watson,CF,25.1138888,-1,1,Short,60,1,,sa3011258
Cadyn Grenier,SS,25.7666666,-1,1,Short,60,-1,,sa3008140
Anthony Servideo,SS,23.4027777,,1,Med,55,,,sa3014472
John Rhodes,3B,21.975,1,1,Med,55,-1,,sa3017162
Bryan Baker,SIRP,27.6777777,1,,Med,,,-1,19804
Logan Gillaspie,MIRP,25.3027777,,1,Long,,1,,22461
Carlos Tavera,MIRP,23.8333333,,,Short,,,,sa3017536
Yennier Cano,SIRP,28.4083333,,,Med,,,-1,25911
Morgan McSweeney,SIRP,24.875,,,Med,,1,1,sa3010781
Tyler Burch,SIRP,24.9277777,,1,Short,,1,-1,sa1172727
Keagan Gillies,SIRP,24.525,2,1,Long,,,,sa3017686
Kevin Smith,SP,25.2305555,-1,,Med,,,-1,sa3007710
Cole Uvila,SIRP,28.5166666,,,Long,,1,1,sa3006804
Aaron Bracho,2B,21.2833333,-1,-1,Short,40,,,sa3010018
Trace Bright,SIRP,21.7777777,,,,,,,
Andrew Misiaszek,MIRP,24.95,,,Med,,,,sa3010118
Ignacio Feliz,SP,22.7861111,-1,2,Short,,,2,sa3002982
Carlos Vargas,SIRP,22.8138888,1,,Med,,,-1,sa3007467
Isaac Mattson,SIRP,27.0611111,1,,Long,,,-1,20385
Konnor Pilkington,SP,24.9,,,Short,,,,21453
Pete Hansen,SP,22.0222222,,,,,,,
Joey Cantillo,SP,22.6333333,1,,Long,,1,2,sa3005246
Jake Walsh,SIRP,27.0444444,,1,Med,,,-1,20227
Javier Santos,SP,19.1777777,-1,1,Med,,,-1,
Gustavo J. Rodriguez,SIRP,21.5777777,2,,Long,,,-1,sa3008438
Nate Furman,2B,21.0361111,,,,,,,
Henry Bolte,OF,19.0055555,,,,,,,
Won-Bin Cho,LF,18.9611111,1,,Long,50,,,sa3019526
Jake Fox,SS,19.4833333,,,Med,45,,,sa3017734
Angel Arevalo,2B,18.8444444,-1,1,Short,40,1,,sa3016972
Ryan Loutos,SIRP,23.5194444,,,Med,,1,11,sa3016850
Alexfri Planez,RF,20.9694444,2,,Long,60,,,sa3005515
Robert Puason,SS,19.9027777,1,1,Long,60,-2,,sa3014697
Cory Thompson,SIRP,27.8694444,,-1,Med,,,,sa738349
Junior Sanquintin,3B,20.5777777,1,1,Med,60,,,sa3010863
Yehizon Sanchez,SP,21.7222222,,,,,,,sa3011574
Moises Gomez,RF,23.9416666,,,Med,55,,,sa875163
David Fry,C,26.7111111,,-1,Med,50,1,,sa3006787
Clark Elliott,RF,21.8527777,,,,,,,
Chandler Redmond,1B,25.575,-1,-2,Med,40,,,sa1170749
Dylan Ray,SIRP,21.2416666,,,,,,,
Darren Baker,2B,23.4861111,,1,Med,40,1,,sa3017554
